#
# There is insufficient memory for the Java Runtime Environment to continue.
# Native memory allocation (mmap) failed to map 65536 bytes for Failed to commit metaspace.
# Possible reasons:
#   The system is out of physical RAM or swap space
#   The process is running with CompressedOops enabled, and the Java Heap may be blocking the growth of the native heap
# Possible solutions:
#   Reduce memory load on the system
#   Increase physical memory or swap space
#   Check if swap backing store is full
#   Decrease Java heap size (-Xmx/-Xms)
#   Decrease number of Java threads
#   Decrease Java thread stack sizes (-Xss)
#   Set larger code cache with -XX:ReservedCodeCacheSize=
#   JVM is running with Unscaled Compressed Oops mode in which the Java heap is
#     placed in the first 4GB address space. The Java Heap base address is the
#     maximum limit for the native heap growth. Please use -XX:HeapBaseMinAddress
#     to set the Java Heap base and to place the Java Heap above 4GB virtual address.
# This output file may be truncated or incomplete.
#
#  Out of Memory Error (virtualSpaceNode.cpp:110), pid=9688, tid=26596
#
# JRE version: OpenJDK Runtime Environment (20.0.1+9) (build 20.0.1+9-29)
# Java VM: OpenJDK 64-Bit Server VM (20.0.1+9-29, mixed mode, emulated-client, sharing, tiered, compressed oops, compressed class ptrs, g1 gc, windows-amd64)
# No core dump will be written. Minidumps are not enabled by default on client versions of Windows
#

---------------  S U M M A R Y ------------

Command Line: -agentlib:jdwp=transport=dt_socket,address=127.0.0.1:58685,suspend=y,server=n -XX:TieredStopAtLevel=1 -Dspring.output.ansi.enabled=always -Dcom.sun.management.jmxremote -Dspring.jmx.enabled=true -Dspring.liveBeansView.mbeanDomain -Dspring.application.admin.enabled=true -Dmanagement.endpoints.jmx.exposure.include=* -javaagent:C:\Users\Leopoldina\AppData\Local\JetBrains\IntelliJIdea2023.1\captureAgent\debugger-agent.jar -Dfile.encoding=UTF-8 -Dsun.stdout.encoding=UTF-8 -Dsun.stderr.encoding=UTF-8 com.pcc.PCC.PccApplication

Host: AMD Ryzen 5 4500U with Radeon Graphics         , 6 cores, 7G,  Windows 10 , 64 bit Build 19041 (10.0.19041.5794)
Time: Mon Jun  2 22:18:07 2025 Central Europe Daylight Time elapsed time: 45.045537 seconds (0d 0h 0m 45s)

---------------  T H R E A D  ---------------

Current thread (0x00000260d0f654c0):  JavaThread "main" [_thread_in_vm, id=26596, stack(0x000000b5c4100000,0x000000b5c4200000)]

Stack: [0x000000b5c4100000,0x000000b5c4200000]
Native frames: (J=compiled Java code, j=interpreted, Vv=VM code, C=native code)
V  [jvm.dll+0x6bb95a]
V  [jvm.dll+0x8485fa]
V  [jvm.dll+0x84a1f5]
V  [jvm.dll+0x84a8f3]
V  [jvm.dll+0x280b0f]
V  [jvm.dll+0x84453b]
V  [jvm.dll+0x65fd86]
V  [jvm.dll+0x1eb4e7]
V  [jvm.dll+0x6627a2]
V  [jvm.dll+0x66258e]
V  [jvm.dll+0x66079e]
V  [jvm.dll+0x66ae17]
V  [jvm.dll+0x21b442]
V  [jvm.dll+0x21b975]
V  [jvm.dll+0x21c361]
V  [jvm.dll+0x211780]
V  [jvm.dll+0x59c26c]
V  [jvm.dll+0x7c3693]
V  [jvm.dll+0x7c3774]
V  [jvm.dll+0x46c524]
V  [jvm.dll+0x471a88]
C  [java.dll+0x17ec]

Java frames: (J=compiled Java code, j=interpreted, Vv=VM code)
J 1331  java.lang.ClassLoader.defineClass1(Ljava/lang/ClassLoader;Ljava/lang/String;[BIILjava/security/ProtectionDomain;Ljava/lang/String;)Ljava/lang/Class; java.base@20.0.1 (0 bytes) @ 0x00000260dab31971 [0x00000260dab318a0+0x00000000000000d1]
J 1356 c1 java.lang.ClassLoader.defineClass(Ljava/lang/String;[BIILjava/security/ProtectionDomain;)Ljava/lang/Class; java.base@20.0.1 (43 bytes) @ 0x00000260dab3e184 [0x00000260dab3e040+0x0000000000000144]
J 1342 c1 jdk.internal.loader.BuiltinClassLoader.defineClass(Ljava/lang/String;Ljdk/internal/loader/Resource;)Ljava/lang/Class; java.base@20.0.1 (121 bytes) @ 0x00000260dab3903c [0x00000260dab38b20+0x000000000000051c]
J 1339 c1 jdk.internal.loader.BuiltinClassLoader.findClassOnClassPathOrNull(Ljava/lang/String;)Ljava/lang/Class; java.base@20.0.1 (64 bytes) @ 0x00000260dab36b5c [0x00000260dab36860+0x00000000000002fc]
J 1120 c1 jdk.internal.loader.BuiltinClassLoader.loadClassOrNull(Ljava/lang/String;Z)Ljava/lang/Class; java.base@20.0.1 (143 bytes) @ 0x00000260daac84cc [0x00000260daac80c0+0x000000000000040c]
J 1248 c1 jdk.internal.loader.ClassLoaders$AppClassLoader.loadClass(Ljava/lang/String;Z)Ljava/lang/Class; java.base@20.0.1 (40 bytes) @ 0x00000260dab06f2c [0x00000260dab06ec0+0x000000000000006c]
J 1247 c1 java.lang.ClassLoader.loadClass(Ljava/lang/String;)Ljava/lang/Class; java.base@20.0.1 (7 bytes) @ 0x00000260dab06c0c [0x00000260dab06ba0+0x000000000000006c]
v  ~StubRoutines::call_stub 0x00000260da7e100d
j  org.springframework.boot.autoconfigure.jdbc.JdbcTemplateConfiguration.jdbcTemplate(Ljavax/sql/DataSource;Lorg/springframework/boot/autoconfigure/jdbc/JdbcProperties;)Lorg/springframework/jdbc/core/JdbcTemplate;+0
j  java.lang.invoke.LambdaForm$DMH+0x0000000801285400.invokeVirtual(Ljava/lang/Object;Ljava/lang/Object;Ljava/lang/Object;Ljava/lang/Object;)Ljava/lang/Object;+14 java.base@20.0.1
j  java.lang.invoke.LambdaForm$MH+0x00000008013a1c00.invoke(Ljava/lang/Object;Ljava/lang/Object;Ljava/lang/Object;Ljava/lang/Object;)Ljava/lang/Object;+73 java.base@20.0.1
J 3955 c1 java.lang.reflect.Method.invoke(Ljava/lang/Object;[Ljava/lang/Object;)Ljava/lang/Object; java.base@20.0.1 (108 bytes) @ 0x00000260daffc64c [0x00000260daffbde0+0x000000000000086c]
j  org.springframework.beans.factory.support.SimpleInstantiationStrategy.lambda$instantiate$0(Ljava/lang/reflect/Method;Ljava/lang/Object;[Ljava/lang/Object;Lorg/springframework/beans/factory/support/RootBeanDefinition;Lorg/springframework/beans/factory/BeanFactory;)Ljava/lang/Object;+7
j  org.springframework.beans.factory.support.SimpleInstantiationStrategy$$Lambda$600+0x000000080135dbe0.get()Ljava/lang/Object;+20
j  org.springframework.beans.factory.support.SimpleInstantiationStrategy.instantiateWithFactoryMethod(Ljava/lang/reflect/Method;Ljava/util/function/Supplier;)Ljava/lang/Object;+18
j  org.springframework.beans.factory.support.SimpleInstantiationStrategy.instantiate(Lorg/springframework/beans/factory/support/RootBeanDefinition;Ljava/lang/String;Lorg/springframework/beans/factory/BeanFactory;Ljava/lang/Object;Ljava/lang/reflect/Method;[Ljava/lang/Object;)Ljava/lang/Object;+15
j  org.springframework.beans.factory.support.ConstructorResolver.instantiate(Ljava/lang/String;Lorg/springframework/beans/factory/support/RootBeanDefinition;Ljava/lang/Object;Ljava/lang/reflect/Method;[Ljava/lang/Object;)Ljava/lang/Object;+18
j  org.springframework.beans.factory.support.ConstructorResolver.instantiateUsingFactoryMethod(Ljava/lang/String;Lorg/springframework/beans/factory/support/RootBeanDefinition;[Ljava/lang/Object;)Lorg/springframework/beans/BeanWrapper;+1475
j  org.springframework.beans.factory.support.AbstractAutowireCapableBeanFactory.instantiateUsingFactoryMethod(Ljava/lang/String;Lorg/springframework/beans/factory/support/RootBeanDefinition;[Ljava/lang/Object;)Lorg/springframework/beans/BeanWrapper;+11
j  org.springframework.beans.factory.support.AbstractAutowireCapableBeanFactory.createBeanInstance(Ljava/lang/String;Lorg/springframework/beans/factory/support/RootBeanDefinition;[Ljava/lang/Object;)Lorg/springframework/beans/BeanWrapper;+93
j  org.springframework.beans.factory.support.AbstractAutowireCapableBeanFactory.doCreateBean(Ljava/lang/String;Lorg/springframework/beans/factory/support/RootBeanDefinition;[Ljava/lang/Object;)Ljava/lang/Object;+34
j  org.springframework.beans.factory.support.AbstractAutowireCapableBeanFactory.createBean(Ljava/lang/String;Lorg/springframework/beans/factory/support/RootBeanDefinition;[Ljava/lang/Object;)Ljava/lang/Object;+153
j  org.springframework.beans.factory.support.AbstractBeanFactory.lambda$doGetBean$0(Ljava/lang/String;Lorg/springframework/beans/factory/support/RootBeanDefinition;[Ljava/lang/Object;)Ljava/lang/Object;+4
j  org.springframework.beans.factory.support.AbstractBeanFactory$$Lambda$374+0x00000008012435a8.getObject()Ljava/lang/Object;+16
j  org.springframework.beans.factory.support.DefaultSingletonBeanRegistry.getSingleton(Ljava/lang/String;Lorg/springframework/beans/factory/ObjectFactory;)Ljava/lang/Object;+268
J 2743 c1 org.springframework.beans.factory.support.AbstractBeanFactory.doGetBean(Ljava/lang/String;Ljava/lang/Class;[Ljava/lang/Object;Z)Ljava/lang/Object; (787 bytes) @ 0x00000260dad856fc [0x00000260dad85100+0x00000000000005fc]
J 4766 c1 org.springframework.beans.factory.support.AbstractBeanFactory.getBean(Ljava/lang/String;)Ljava/lang/Object; (9 bytes) @ 0x00000260db0d1614 [0x00000260db0d15a0+0x0000000000000074]
j  org.springframework.beans.factory.support.DefaultListableBeanFactory.instantiateSingleton(Ljava/lang/String;)V+51
j  org.springframework.beans.factory.support.DefaultListableBeanFactory.preInstantiateSingleton(Ljava/lang/String;Lorg/springframework/beans/factory/support/RootBeanDefinition;)Ljava/util/concurrent/CompletableFuture;+141
j  org.springframework.beans.factory.support.DefaultListableBeanFactory.preInstantiateSingletons()V+118
j  org.springframework.context.support.AbstractApplicationContext.finishBeanFactoryInitialization(Lorg/springframework/beans/factory/config/ConfigurableListableBeanFactory;)V+284
j  org.springframework.context.support.AbstractApplicationContext.refresh()V+94
j  org.springframework.boot.web.servlet.context.ServletWebServerApplicationContext.refresh()V+1
j  org.springframework.boot.SpringApplication.refresh(Lorg/springframework/context/ConfigurableApplicationContext;)V+1
j  org.springframework.boot.SpringApplication.refreshContext(Lorg/springframework/context/ConfigurableApplicationContext;)V+19
j  org.springframework.boot.SpringApplication.run([Ljava/lang/String;)Lorg/springframework/context/ConfigurableApplicationContext;+113
j  org.springframework.boot.SpringApplication.run([Ljava/lang/Class;[Ljava/lang/String;)Lorg/springframework/context/ConfigurableApplicationContext;+9
j  org.springframework.boot.SpringApplication.run(Ljava/lang/Class;[Ljava/lang/String;)Lorg/springframework/context/ConfigurableApplicationContext;+9
j  com.pcc.PCC.PccApplication.main([Ljava/lang/String;)V+3
v  ~StubRoutines::call_stub 0x00000260da7e100d

Compiled method (n/a)   45128 1331     n 0       java.lang.ClassLoader::defineClass1 (native)
 total in heap  [0x00000260dab31710,0x00000260dab31d40] = 1584
 relocation     [0x00000260dab31858,0x00000260dab31890] = 56
 main code      [0x00000260dab318a0,0x00000260dab31d3e] = 1182
 stub code      [0x00000260dab31d3e,0x00000260dab31d40] = 2

[Constant Pool (empty)]

[MachCode]
[Entry Point]
  # {method} {0x0000000800435148} 'defineClass1' '(Ljava/lang/ClassLoader;Ljava/lang/String;[BIILjava/security/ProtectionDomain;Ljava/lang/String;)Ljava/lang/Class;' in 'java/lang/ClassLoader'
  # parm0:    rdx:rdx   = 'java/lang/ClassLoader'
  # parm1:    r8:r8     = 'java/lang/String'
  # parm2:    r9:r9     = '[B'
  # parm3:    rdi       = int
  # parm4:    rsi       = int
  # parm5:    rcx:rcx   = 'java/security/ProtectionDomain'
  # parm6:    [sp+0xa0]   = 'java/lang/String'  (sp of caller)
  0x00000260dab318a0: 448b 5208 | 49bb 0000 | 0000 0800 | 0000 4d03 | d349 3bc2 | 0f84 0600 

  0x00000260dab318b8: ;   {runtime_call ic_miss_stub}
  0x00000260dab318b8: 0000 e941 | 25d1 ff90 
[Verified Entry Point]
  0x00000260dab318c0: 8984 2400 | 80ff ff55 | 488b ec48 | 81ec 9000 | 0000 6690 | 4181 7f20 | 0700 0000 

  0x00000260dab318dc: ;   {runtime_call StubRoutines (2)}
  0x00000260dab318dc: 7405 e8fd | 27d2 ff48 | 837d 1000 | 488d 4510 | 480f 4445 | 1048 8944 | 2440 4889 | 4c24 7048 
  0x00000260dab318fc: 83f9 0048 | 8d44 2470 | 480f 4444 | 2470 4889 | 4424 3848 | 8974 2430 | 4889 7c24 | 284c 894c 
  0x00000260dab3191c: 2458 4983 | f900 488d | 4424 5848 | 0f44 4424 | 5848 8944 | 2420 4c89 | 4424 5049 | 83f8 004c 
  0x00000260dab3193c: 8d4c 2450 | 4c0f 444c | 2450 4889 | 5424 4848 | 83fa 004c | 8d44 2448 | 4c0f 4444 

  0x00000260dab31958: ;   {oop(a 'java/lang/Class'{0x0000000089c01030} = 'java/lang/ClassLoader')}
  0x00000260dab31958: 2448 49be | 3010 c089 | 0000 0000 | 4c89 7424 | 784c 8d74 | 2478 498b | d6c5 f877 

  0x00000260dab31974: ;   {internal_word}
  0x00000260dab31974: 49ba 7119 | b3da 6002 | 0000 4d89 | 97c8 0200 | 0049 89a7 | c002 0000 

  0x00000260dab3198c: ;   {external_word}
  0x00000260dab3198c: 49ba e109 | e2b8 fb7f | 0000 4180 | 3a00 0f84 | 4e00 0000 | 5241 5041 

  0x00000260dab319a4: ;   {metadata({method} {0x0000000800435148} 'defineClass1' '(Ljava/lang/ClassLoader;Ljava/lang/String;[BIILjava/security/ProtectionDomain;Ljava/lang/String;)Ljava/lang/Class;' in 'java/lang/ClassLoader')}
  0x00000260dab319a4: 5148 ba40 | 5143 0008 | 0000 0049 | 8bcf 4883 | ec20 40f6 | c40f 0f84 | 1900 0000 | 4883 ec08 
  0x00000260dab319c4: ;   {runtime_call}
  0x00000260dab319c4: 48b8 a006 | 99b8 fb7f | 0000 ffd0 | 4883 c408 | e90c 0000 

  0x00000260dab319d8: ;   {runtime_call}
  0x00000260dab319d8: 0048 b8a0 | 0699 b8fb | 7f00 00ff | d048 83c4 | 2041 5941 | 585a 498d | 8fe0 0200 | 0041 c787 
  0x00000260dab319f8: 7403 0000 | 0400 0000 

  0x00000260dab31a00: ;   {runtime_call}
  0x00000260dab31a00: 48b8 ac16 | 7206 fc7f | 0000 ffd0 | c5f8 7741 | c787 7403 | 0000 0500 | 0000 f083 | 4424 c000 
  0x00000260dab31a20: 493b af78 | 0300 000f | 870e 0000 | 0041 83bf | 7003 0000 | 000f 842b | 0000 00c5 | f877 4889 
  0x00000260dab31a40: 45f8 498b | cf4c 8be4 | 4883 ec20 | 4883 e4f0 

  0x00000260dab31a50: ;   {runtime_call}
  0x00000260dab31a50: 48b8 60fc | 65b8 fb7f | 0000 ffd0 | 498b e44d | 33e4 488b | 45f8 41c7 | 8774 0300 | 0008 0000 
  0x00000260dab31a70: 0041 83bf | f003 0000 | 020f 8492 

  0x00000260dab31a7c: ;   {external_word}
  0x00000260dab31a7c: 0200 0049 | bae1 09e2 | b8fb 7f00 | 0041 803a | 000f 844c | 0000 0048 

  0x00000260dab31a94: ;   {metadata({method} {0x0000000800435148} 'defineClass1' '(Ljava/lang/ClassLoader;Ljava/lang/String;[BIILjava/security/ProtectionDomain;Ljava/lang/String;)Ljava/lang/Class;' in 'java/lang/ClassLoader')}
  0x00000260dab31a94: 8945 f848 | ba40 5143 | 0008 0000 | 0049 8bcf | 4883 ec20 | 40f6 c40f | 0f84 1900 | 0000 4883 
  0x00000260dab31ab4: ;   {runtime_call}
  0x00000260dab31ab4: ec08 48b8 | a006 99b8 | fb7f 0000 | ffd0 4883 | c408 e90c 

  0x00000260dab31ac8: ;   {runtime_call}
  0x00000260dab31ac8: 0000 0048 | b8a0 0699 | b8fb 7f00 | 00ff d048 | 83c4 2048 | 8b45 f849 | c787 c002 | 0000 0000 
  0x00000260dab31ae8: 0000 49c7 | 87c8 0200 | 0000 0000 | 00c5 f877 | 4885 c00f | 84ed 0100 | 00a8 010f | 84e2 0100 
  0x00000260dab31b08: 0048 8b40 | ff41 807f | 4000 0f84 | ce01 0000 | 4883 f800 | 0f84 c401 | 0000 498b | 4f28 4883 
  0x00000260dab31b28: f900 0f84 | 1400 0000 | 4883 e908 | 4989 4f28 | 4903 4f38 | 4889 01e9 | a201 0000 | 4881 ecd0 
  0x00000260dab31b48: 0000 0048 | 8904 2448 | 894c 2408 | 4889 5424 | 1048 8974 | 2418 4889 | 7c24 204c | 8944 2428 
  0x00000260dab31b68: 4c89 4c24 | 304c 8954 | 2438 4c89 | 5c24 40c5 | fb11 4424 | 50c5 fb11 | 4c24 58c5 | fb11 5424 
  0x00000260dab31b88: 60c5 fb11 | 5c24 68c5 | fb11 6424 | 70c5 fb11 | 6c24 78c5 | fb11 b424 | 8000 0000 | c5fb 11bc 
  0x00000260dab31ba8: 2488 0000 | 00c5 7b11 | 8424 9000 | 0000 c57b | 118c 2498 | 0000 00c5 | 7b11 9424 | a000 0000 
  0x00000260dab31bc8: c57b 119c | 24a8 0000 | 00c5 7b11 | a424 b000 | 0000 c57b | 11ac 24b8 | 0000 00c5 | 7b11 b424 
  0x00000260dab31be8: c000 0000 | c57b 11bc | 24c8 0000 | 0049 8bd7 | 488b c848 | 83ec 2040 | f6c4 0f0f | 8419 0000 
  0x00000260dab31c08: 0048 83ec 

  0x00000260dab31c0c: ;   {runtime_call}
  0x00000260dab31c0c: 0848 b800 | 3d59 b8fb | 7f00 00ff | d048 83c4 | 08e9 0c00 

  0x00000260dab31c20: ;   {runtime_call}
  0x00000260dab31c20: 0000 48b8 | 003d 59b8 | fb7f 0000 | ffd0 4883 | c420 c57b | 10bc 24c8 | 0000 00c5 | 7b10 b424 
  0x00000260dab31c40: c000 0000 | c57b 10ac | 24b8 0000 | 00c5 7b10 | a424 b000 | 0000 c57b | 109c 24a8 | 0000 00c5 
  0x00000260dab31c60: 7b10 9424 | a000 0000 | c57b 108c | 2498 0000 | 00c5 7b10 | 8424 9000 | 0000 c5fb | 10bc 2488 
  0x00000260dab31c80: 0000 00c5 | fb10 b424 | 8000 0000 | c5fb 106c | 2478 c5fb | 1064 2470 | c5fb 105c | 2468 c5fb 
  0x00000260dab31ca0: 1054 2460 | c5fb 104c | 2458 c5fb | 1044 2450 | 4c8b 5c24 | 404c 8b54 | 2438 4c8b | 4c24 304c 
  0x00000260dab31cc0: 8b44 2428 | 488b 7c24 | 2048 8b74 | 2418 488b | 5424 1048 | 8b4c 2408 | 488b 0424 | 4881 c4d0 
  0x00000260dab31ce0: 0000 00c5 | f877 e903 | 0000 0048 | 8b00 498b | 8f50 0300 | 00c7 8100 | 0100 0000 | 0000 00c9 
  0x00000260dab31d00: 4983 7f08 | 000f 8501 | 0000 00c3 

  0x00000260dab31d0c: ;   {runtime_call StubRoutines (1)}
  0x00000260dab31d0c: e9ef f1ca | ffc5 f877 | 4889 45f8 | 4c8b e448 | 83ec 2048 

  0x00000260dab31d20: ;   {runtime_call}
  0x00000260dab31d20: 83e4 f048 | b840 3d99 | b8fb 7f00 | 00ff d049 | 8be4 4d33 | e448 8b45 | f8e9 41fd | ffff f4f4 
[/MachCode]


Compiled method (c1)   45137 1356       1       java.lang.ClassLoader::defineClass (43 bytes)
 total in heap  [0x00000260dab3de90,0x00000260dab3e4a0] = 1552
 relocation     [0x00000260dab3dfd8,0x00000260dab3e040] = 104
 main code      [0x00000260dab3e040,0x00000260dab3e218] = 472
 stub code      [0x00000260dab3e218,0x00000260dab3e290] = 120
 metadata       [0x00000260dab3e290,0x00000260dab3e2d0] = 64
 scopes data    [0x00000260dab3e2d0,0x00000260dab3e3c0] = 240
 scopes pcs     [0x00000260dab3e3c0,0x00000260dab3e460] = 160
 dependencies   [0x00000260dab3e460,0x00000260dab3e478] = 24
 nul chk table  [0x00000260dab3e478,0x00000260dab3e4a0] = 40

[Constant Pool (empty)]

[MachCode]
[Entry Point]
  # {method} {0x0000000800435470} 'defineClass' '(Ljava/lang/String;[BIILjava/security/ProtectionDomain;)Ljava/lang/Class;' in 'java/lang/ClassLoader'
  # this:     rdx:rdx   = 'java/lang/ClassLoader'
  # parm0:    r8:r8     = 'java/lang/String'
  # parm1:    r9:r9     = '[B'
  # parm2:    rdi       = int
  # parm3:    rsi       = int
  # parm4:    rcx:rcx   = 'java/security/ProtectionDomain'
  #           [sp+0xe0]  (sp of caller)
  0x00000260dab3e040: 448b 5208 | 49bb 0000 | 0000 0800 | 0000 4d03 | d34c 3bd0 

  0x00000260dab3e054: ;   {runtime_call ic_miss_stub}
  0x00000260dab3e054: 0f85 a65d | d0ff 660f | 1f44 0000 
[Verified Entry Point]
  0x00000260dab3e060: 8984 2400 | 80ff ff55 | 4881 ecd0 | 0000 0090 | 4181 7f20 | 0700 0000 

  0x00000260dab3e078: ;   {runtime_call StubRoutines (2)}
  0x00000260dab3e078: 7405 e861 | 60d1 ff48 | 8954 2478 | 4c89 8424 | 8000 0000 | 4c89 8c24 | 8800 0000 | 89bc 2490 
  0x00000260dab3e098: 0000 0089 | b424 9400 | 0000 498b | d84c 8bc3 | 4c8b c94c | 8bda 498b | d348 898c | 2498 0000 
  0x00000260dab3e0b8: 0066 0f1f 

  0x00000260dab3e0bc: ;   {optimized virtual_call}
  0x00000260dab3e0bc: 4400 00e8 

  0x00000260dab3e0c0: ; ImmutableOopMap {[120]=Oop [128]=Oop [136]=Oop [152]=Oop }
                      ;*invokevirtual preDefineClass {reexecute=0 rethrow=0 return_oop=0}
                      ; - java.lang.ClassLoader::defineClass@4 (line 1011)
  0x00000260dab3e0c0: 5c14 0200 | 4889 8424 | a000 0000 

  0x00000260dab3e0cc: ; implicit exception: dispatches to 0x00000260dab3e1c2
  0x00000260dab3e0cc: 8b70 1048 | 83fe 000f | 850f 0000 

  0x00000260dab3e0d8: ;   {oop(NULL)}
  0x00000260dab3e0d8: 0048 bb00 | 0000 0000 | 0000 00e9 | 4700 0000 

  0x00000260dab3e0e8: ; implicit exception: dispatches to 0x00000260dab3e1c7
  0x00000260dab3e0e8: 8b7e 0c48 | 83ff 000f | 850f 0000 

  0x00000260dab3e0f4: ;   {oop(NULL)}
  0x00000260dab3e0f4: 0048 bb00 | 0000 0000 | 0000 00e9 | 2b00 0000 | 4889 b424 | a800 0000 

  0x00000260dab3e10c: ; implicit exception: dispatches to 0x00000260dab3e1cc
  0x00000260dab3e10c: 8b57 3848 | 3b02 4c8b | c748 89bc | 24b0 0000 

  0x00000260dab3e11c: ;   {optimized virtual_call}
  0x00000260dab3e11c: 0066 90e8 

  0x00000260dab3e120: ; ImmutableOopMap {[120]=Oop [128]=Oop [136]=Oop [160]=Oop [168]=Oop [176]=Oop }
                      ;*invokevirtual toExternalForm {reexecute=0 rethrow=0 return_oop=0}
                      ; - java.net.URL::toExternalForm@5 (line 1195)
                      ; - java.net.URL::toString@1 (line 1181)
                      ; - java.lang.ClassLoader::defineClassSourceLocation@22 (line 913)
                      ; - java.lang.ClassLoader::defineClass@12 (line 1012)
  0x00000260dab3e120: 1c70 fdff | 488b d848 | 8b84 24a0 | 0000 008b | bc24 9000 | 0000 4c8b | 8c24 8800 | 0000 4c8b 
  0x00000260dab3e140: 8424 8000 | 0000 488b | 5424 784c | 8bda 498b | d34d 8be8 | 4d8b c54d | 8bf1 4d8b | ce48 8bcf 
  0x00000260dab3e160: 488b f98b | b424 9400 | 0000 488b | c848 891c | 2448 899c | 24b8 0000 | 0066 0f1f 

  0x00000260dab3e17c: ;   {static_call}
  0x00000260dab3e17c: 4400 00e8 

  0x00000260dab3e180: ; ImmutableOopMap {[120]=Oop [128]=Oop [136]=Oop [160]=Oop [184]=Oop }
                      ;*invokestatic defineClass1 {reexecute=0 rethrow=0 return_oop=0}
                      ; - java.lang.ClassLoader::defineClass@27 (line 1013)
  0x00000260dab3e180: 3c37 ffff | 4c8b c04c | 8b8c 24a0 | 0000 0048 | 8b54 2478 | 4889 8424 | c000 0000 

  0x00000260dab3e19c: ;   {optimized virtual_call}
  0x00000260dab3e19c: 6666 90e8 

  0x00000260dab3e1a0: ; ImmutableOopMap {[120]=Oop [128]=Oop [136]=Oop [160]=Oop [184]=Oop [192]=Oop }
                      ;*invokevirtual postDefineClass {reexecute=0 rethrow=0 return_oop=0}
                      ; - java.lang.ClassLoader::defineClass@37 (line 1014)
  0x00000260dab3e1a0: 3c39 0000 | 488b 8424 | c000 0000 | 4881 c4d0 | 0000 005d 

  0x00000260dab3e1b4: ;   {poll_return}
  0x00000260dab3e1b4: 493b a778 | 0300 000f | 8715 0000 

  0x00000260dab3e1c0: ;   {runtime_call throw_null_pointer_exception Runtime1 stub}
  0x00000260dab3e1c0: 00c3 e839 

  0x00000260dab3e1c4: ; ImmutableOopMap {rax=Oop [120]=Oop [128]=Oop [136]=Oop [160]=Oop }
                      ;*invokevirtual getCodeSource {reexecute=0 rethrow=0 return_oop=0}
                      ; - java.lang.ClassLoader::defineClassSourceLocation@1 (line 910)
                      ; - java.lang.ClassLoader::defineClass@12 (line 1012)
                      ;   {runtime_call throw_null_pointer_exception Runtime1 stub}
  0x00000260dab3e1c4: 37dd ffe8 

  0x00000260dab3e1c8: ; ImmutableOopMap {rax=Oop rsi=Oop [120]=Oop [128]=Oop [136]=Oop [160]=Oop }
                      ;*invokevirtual getLocation {reexecute=0 rethrow=0 return_oop=0}
                      ; - java.lang.ClassLoader::defineClassSourceLocation@12 (line 912)
                      ; - java.lang.ClassLoader::defineClass@12 (line 1012)
  0x00000260dab3e1c8: 3437 ddff 

  0x00000260dab3e1cc: ;   {runtime_call throw_null_pointer_exception Runtime1 stub}
  0x00000260dab3e1cc: e82f 37dd 

  0x00000260dab3e1d0: ; ImmutableOopMap {rdi=Oop [120]=Oop [128]=Oop [136]=Oop [160]=Oop [168]=Oop }
                      ;*invokevirtual toString {reexecute=0 rethrow=0 return_oop=0}
                      ; - java.lang.ClassLoader::defineClassSourceLocation@22 (line 913)
                      ; - java.lang.ClassLoader::defineClass@12 (line 1012)
                      ;   {runtime_call throw_null_pointer_exception Runtime1 stub}
  0x00000260dab3e1d0: ffe8 2a37 

  0x00000260dab3e1d4: ; ImmutableOopMap {rdi=Oop rdx=Oop [120]=Oop [128]=Oop [136]=Oop [160]=Oop [168]=Oop }
                      ;*invokevirtual toExternalForm {reexecute=0 rethrow=0 return_oop=0}
                      ; - java.net.URL::toExternalForm@5 (line 1195)
                      ; - java.net.URL::toString@1 (line 1181)
                      ; - java.lang.ClassLoader::defineClassSourceLocation@22 (line 913)
                      ; - java.lang.ClassLoader::defineClass@12 (line 1012)
                      ;   {internal_word}
  0x00000260dab3e1d4: ddff 49ba | b4e1 b3da | 6002 0000 | 4d89 9790 

  0x00000260dab3e1e4: ;   {runtime_call SafepointBlob}
  0x00000260dab3e1e4: 0300 00e9 | 94cb d0ff | 498b 8728 | 0400 0049 | c787 2804 | 0000 0000 | 0000 49c7 | 8730 0400 
  0x00000260dab3e204: 0000 0000 | 0048 81c4 | d000 0000 

  0x00000260dab3e210: ;   {runtime_call unwind_exception Runtime1 stub}
  0x00000260dab3e210: 5de9 ea27 | ddff f4f4 
[Stub Code]
  0x00000260dab3e218: ;   {no_reloc}
  0x00000260dab3e218: 0f1f 4400 

  0x00000260dab3e21c: ;   {static_stub}
  0x00000260dab3e21c: 0048 bb00 | 0000 0000 

  0x00000260dab3e224: ;   {runtime_call}
  0x00000260dab3e224: 0000 00e9 | fbff ffff 
[Exception Handler]
  0x00000260dab3e22c: ;   {runtime_call handle_exception_from_callee Runtime1 stub}
  0x00000260dab3e22c: e8cf 54dd 

  0x00000260dab3e230: ;   {external_word}
  0x00000260dab3e230: ff48 b9b0 | 23bc b8fb | 7f00 0048 

  0x00000260dab3e23c: ;   {runtime_call}
  0x00000260dab3e23c: 83e4 f048 | b820 1688 | b8fb 7f00 | 00ff d0f4 
[Deopt Handler Code]
  0x00000260dab3e24c: ;   {section_word}
  0x00000260dab3e24c: 49ba 4ce2 | b3da 6002 | 0000 4152 

  0x00000260dab3e258: ;   {runtime_call DeoptimizationBlob}
  0x00000260dab3e258: e9c3 bdd0 

  0x00000260dab3e25c: ;   {static_stub}
  0x00000260dab3e25c: ff48 bb00 | 5243 0008 

  0x00000260dab3e264: ;   {runtime_call I2C/C2I adapters}
  0x00000260dab3e264: 0000 00e9 | 6f21 d0ff 

  0x00000260dab3e26c: ;   {static_stub}
  0x00000260dab3e26c: 48bb 0000 | 0000 0000 

  0x00000260dab3e274: ;   {runtime_call}
  0x00000260dab3e274: 0000 e9fb 

  0x00000260dab3e278: ;   {static_stub}
  0x00000260dab3e278: ffff ff48 | bbe8 5043 | 0008 0000 

  0x00000260dab3e284: ;   {runtime_call I2C/C2I adapters}
  0x00000260dab3e284: 00e9 5121 | d0ff f4f4 | f4f4 f4f4 
[/MachCode]


Compiled method (c1)   45143 1342       1       jdk.internal.loader.BuiltinClassLoader::defineClass (121 bytes)
 total in heap  [0x00000260dab38890,0x00000260dab39888] = 4088
 relocation     [0x00000260dab389d8,0x00000260dab38b08] = 304
 main code      [0x00000260dab38b20,0x00000260dab391d8] = 1720
 stub code      [0x00000260dab391d8,0x00000260dab392f8] = 288
 metadata       [0x00000260dab392f8,0x00000260dab39350] = 88
 scopes data    [0x00000260dab39350,0x00000260dab39680] = 816
 scopes pcs     [0x00000260dab39680,0x00000260dab39830] = 432
 dependencies   [0x00000260dab39830,0x00000260dab39850] = 32
 handler table  [0x00000260dab39850,0x00000260dab39868] = 24
 nul chk table  [0x00000260dab39868,0x00000260dab39888] = 32

[Constant Pool (empty)]

[MachCode]
[Entry Point]
  # {method} {0x0000000800069268} 'defineClass' '(Ljava/lang/String;Ljdk/internal/loader/Resource;)Ljava/lang/Class;' in 'jdk/internal/loader/BuiltinClassLoader'
  # this:     rdx:rdx   = 'jdk/internal/loader/BuiltinClassLoader'
  # parm0:    r8:r8     = 'java/lang/String'
  # parm1:    r9:r9     = 'jdk/internal/loader/Resource'
  #           [sp+0x130]  (sp of caller)
  0x00000260dab38b20: 448b 5208 | 49bb 0000 | 0000 0800 | 0000 4d03 | d34c 3bd0 

  0x00000260dab38b34: ;   {runtime_call ic_miss_stub}
  0x00000260dab38b34: 0f85 c6b2 | d0ff 660f | 1f44 0000 
[Verified Entry Point]
  0x00000260dab38b40: 8984 2400 | 80ff ff55 | 4881 ec20 | 0100 0090 | 4181 7f20 | 0700 0000 

  0x00000260dab38b58: ;   {runtime_call StubRoutines (2)}
  0x00000260dab38b58: 7405 e881 | b5d1 ff4c | 8984 2490 | 0000 004c | 898c 2498 | 0000 0048 | 8994 24a0 | 0000 0049 
  0x00000260dab38b78: 8bd1 6666 | 9048 b8ff | ffff ffff 

  0x00000260dab38b84: ;   {virtual_call}
  0x00000260dab38b84: ffff ffe8 

  0x00000260dab38b88: ; ImmutableOopMap {[144]=Oop [152]=Oop [160]=Oop }
                      ;*invokevirtual getCodeSourceURL {reexecute=0 rethrow=0 return_oop=0}
                      ; - jdk.internal.loader.BuiltinClassLoader::defineClass@1 (line 842)
  0x00000260dab38b88: 7412 deff | 4c8b 8424 | 9000 0000 

  0x00000260dab38b94: ; implicit exception: dispatches to 0x00000260dab390bd
  0x00000260dab38b94: 418b 7014 

  0x00000260dab38b98: ; implicit exception: dispatches to 0x00000260dab390c2
  0x00000260dab38b98: 8b56 0c45 | 0fbe 4810 | 498b c9c1 | e118 c1f9 | 18d3 faff | ca89 9424 | a800 0000 | 4183 f900 
  0x00000260dab38bb8: 41b9 0000 | 0000 0f85 | 0600 0000 | 41b9 0100 | 0000 4183 | e101 4183 | f900 4889 | 8424 b000 
  0x00000260dab38bd8: 0000 488b | fa48 8bd6 | 41b8 2e00 | 0000 4c8b | cf0f 840a 

  0x00000260dab38bec: ;   {static_call}
  0x00000260dab38bec: 0000 00e8 

  0x00000260dab38bf0: ; ImmutableOopMap {[144]=Oop [152]=Oop [160]=Oop [176]=Oop }
                      ;*invokestatic lastIndexOf {reexecute=0 rethrow=0 return_oop=0}
                      ; - java.lang.String::lastIndexOf@13 (line 2500)
                      ; - java.lang.String::lastIndexOf@8 (line 2462)
                      ; - jdk.internal.loader.BuiltinClassLoader::defineClass@8 (line 845)
  0x00000260dab38bf0: ac54 e3ff | e90b 0000 | 0066 0f1f 

  0x00000260dab38bfc: ;   {static_call}
  0x00000260dab38bfc: 4400 00e8 

  0x00000260dab38c00: ; ImmutableOopMap {[144]=Oop [152]=Oop [160]=Oop [176]=Oop }
                      ;*invokestatic lastIndexOf {reexecute=0 rethrow=0 return_oop=0}
                      ; - java.lang.String::lastIndexOf@25 (line 2501)
                      ; - java.lang.String::lastIndexOf@8 (line 2462)
                      ; - jdk.internal.loader.BuiltinClassLoader::defineClass@8 (line 845)
  0x00000260dab38c00: fcba d0ff | 83f8 ff0f | 850c 0000 | 0089 8424 | ac00 0000 | e97b 0000 | 0041 b800 | 0000 004c 
  0x00000260dab38c20: 8bc8 488b | 9424 9000 | 0000 8984 | 24ac 0000 | 0066 0f1f 

  0x00000260dab38c34: ;   {optimized virtual_call}
  0x00000260dab38c34: 4400 00e8 

  0x00000260dab38c38: ; ImmutableOopMap {[144]=Oop [152]=Oop [160]=Oop [176]=Oop }
                      ;*invokevirtual substring {reexecute=0 rethrow=0 return_oop=0}
                      ; - jdk.internal.loader.BuiltinClassLoader::defineClass@23 (line 847)
  0x00000260dab38c38: c4f2 e1ff | 488b 9424 | 9800 0000 | 4889 8424 | b800 0000 | 9048 b8ff | ffff ffff 

  0x00000260dab38c54: ;   {virtual_call}
  0x00000260dab38c54: ffff ffe8 

  0x00000260dab38c58: ; ImmutableOopMap {[144]=Oop [152]=Oop [160]=Oop [176]=Oop [184]=Oop }
                      ;*invokevirtual getManifest {reexecute=0 rethrow=0 return_oop=0}
                      ; - jdk.internal.loader.BuiltinClassLoader::defineClass@29 (line 848)
  0x00000260dab38c58: bc10 deff | 4c8b 8424 | b800 0000 | 4c8b c848 | 8bbc 24b0 | 0000 0048 | 8b94 24a0 | 0000 0048 
  0x00000260dab38c78: 8984 24c0 | 0000 0066 | 0f1f 4400 | 0048 b800 | 9906 0008 

  0x00000260dab38c8c: ;   {virtual_call}
  0x00000260dab38c8c: 0000 00e8 

  0x00000260dab38c90: ; ImmutableOopMap {[144]=Oop [152]=Oop [160]=Oop [176]=Oop [184]=Oop [192]=Oop }
                      ;*invokevirtual defineOrCheckPackage {reexecute=0 rethrow=0 return_oop=0}
                      ; - jdk.internal.loader.BuiltinClassLoader::defineClass@40 (line 849)
  0x00000260dab38c90: 0c0e 0000 | 4c8b 8c24 | 9800 0000 | 488d 9424 | 0801 0000 | 4c89 4a08 | 498b 0148 | 83c8 0148 
  0x00000260dab38cb0: 8902 f049 | 0fb1 110f | 8412 0000 | 0048 2bc4 | 4825 07f0 | ffff 4889 | 020f 85f8 | 0300 0049 
  0x00000260dab38cd0: ff87 7804 | 0000 418b | 510c 4883 | fa00 0f85 | 4900 0000 | 498b d166 | 0f1f 4400 | 0048 b8ff 
  0x00000260dab38cf0: ffff ffff 

  0x00000260dab38cf4: ;   {virtual_call}
  0x00000260dab38cf4: ffff ffe8 

  0x00000260dab38cf8: ; ImmutableOopMap {[144]=Oop [152]=Oop [160]=Oop [176]=Oop [272]=Oop }
                      ;*invokevirtual getInputStream {reexecute=0 rethrow=0 return_oop=0}
                      ; - jdk.internal.loader.Resource::cachedInputStream@9 (line 77)
                      ; - jdk.internal.loader.Resource::getByteBuffer@1 (line 163)
                      ; - jdk.internal.loader.BuiltinClassLoader::defineClass@45 (line 853)
  0x00000260dab38cf8: 740e deff | 410f be57 | 4083 fa00 | 4c8b 8c24 | 9800 0000 | 0f85 c803 | 0000 4c8b | d045 8951 
  0x00000260dab38d18: 0c49 8bd1 | 4833 d048 | c1ea 1448 | 83fa 000f | 85c9 0300 | 0041 8b71 | 0c48 8d84 | 2408 0100 
  0x00000260dab38d38: 0048 8b10 | 4885 d20f | 840f 0000 | 0048 8b78 | 08f0 480f | b117 0f85 | ba03 0000 | 49ff 8f78 
  0x00000260dab38d58: 0400 0048 | 83fe 000f | 8444 0000 

  0x00000260dab38d64: ;   {metadata('sun/nio/ByteBuffered')}
  0x00000260dab38d64: 0048 b840 | 8c36 0008 | 0000 008b | 5e08 49ba | 0000 0000 | 0800 0000 | 4903 da48 | 3b43 200f 
  0x00000260dab38d84: 8425 0000 | 0048 3bd8 | 0f84 1c00 | 0000 5350 

  0x00000260dab38d94: ;   {runtime_call slow_subtype_check Runtime1 stub}
  0x00000260dab38d94: e867 b5dd | ff5b 5b83 | fb00 0f84 | 0500 0000 | e905 0000 | 0048 33d2 | eb0a 48ba | 0100 0000 
  0x00000260dab38db4: 0000 0000 | 83fa 000f | 8470 0000 | 0048 83fe | 000f 8444 

  0x00000260dab38dc8: ;   {metadata('sun/nio/ByteBuffered')}
  0x00000260dab38dc8: 0000 0048 | b840 8c36 | 0008 0000 | 008b 5e08 | 49ba 0000 | 0000 0800 | 0000 4903 | da48 3b43 
  0x00000260dab38de8: 200f 8420 | 0000 0048 | 3bd8 0f84 | 1700 0000 

  0x00000260dab38df8: ;   {runtime_call slow_subtype_check Runtime1 stub}
  0x00000260dab38df8: 5350 e801 | b5dd ff5b | 5b83 fb00 | 0f84 1a03 | 0000 e900 | 0000 0048 | 8bd6 4889 | b424 c800 
  0x00000260dab38e18: 0000 6666 | 9048 b8ff | ffff ffff 

  0x00000260dab38e24: ;   {virtual_call}
  0x00000260dab38e24: ffff ffe8 

  0x00000260dab38e28: ; ImmutableOopMap {[144]=Oop [152]=Oop [160]=Oop [176]=Oop [200]=Oop }
                      ;*invokeinterface getByteBuffer {reexecute=0 rethrow=0 return_oop=0}
                      ; - jdk.internal.loader.Resource::getByteBuffer@16 (line 165)
                      ; - jdk.internal.loader.BuiltinClassLoader::defineClass@45 (line 853)
  0x00000260dab38e28: d4b5 d0ff | e90a 0000 

  0x00000260dab38e30: ;   {oop(NULL)}
  0x00000260dab38e30: 0048 b800 | 0000 0000 | 0000 0048 | 83f8 0048 | 8984 24d0 | 0000 0048 | 8b94 2498 | 0000 000f 
  0x00000260dab38e50: 84dd 0000 | 0048 b8ff | ffff ffff 

  0x00000260dab38e5c: ;   {virtual_call}
  0x00000260dab38e5c: ffff ffe8 

  0x00000260dab38e60: ; ImmutableOopMap {[144]=Oop [152]=Oop [160]=Oop [176]=Oop [208]=Oop }
                      ;*invokevirtual getCodeSigners {reexecute=0 rethrow=0 return_oop=0}
                      ; - jdk.internal.loader.BuiltinClassLoader::defineClass@56 (line 855)
  0x00000260dab38e60: 9cb5 d0ff 

  0x00000260dab38e64: ;   {metadata('java/security/CodeSource')}
  0x00000260dab38e64: 48ba 005f | 0000 0800 | 0000 488b | d849 8b87 | f800 0000 | 488d 7828 | 493b bf08 | 0100 000f 
  0x00000260dab38e84: 87a4 0200 | 0049 89bf | f800 0000 | 48c7 0001 | 0000 0048 | 8bca 49ba | 0000 0000 | 0800 0000 
  0x00000260dab38ea4: 492b ca89 | 4808 4833 | c989 480c | 4833 c948 | 8948 1048 | 8948 1848 | 8948 204c | 8b84 24b0 
  0x00000260dab38ec4: 0000 004c | 8bcb 488b | d048 899c | 24e0 0000 | 0048 8984 | 24d8 0000 

  0x00000260dab38edc: ;   {optimized virtual_call}
  0x00000260dab38edc: 0066 90e8 

  0x00000260dab38ee0: ; ImmutableOopMap {[144]=Oop [152]=Oop [160]=Oop [176]=Oop [208]=Oop [216]=Oop [224]=Oop }
                      ;*invokespecial <init> {reexecute=0 rethrow=0 return_oop=0}
                      ; - jdk.internal.loader.BuiltinClassLoader::defineClass@68 (line 856)
  0x00000260dab38ee0: 1cb2 d0ff | 4c8b 8424 | d800 0000 | 488b 9424 | a000 0000 

  0x00000260dab38ef4: ;   {optimized virtual_call}
  0x00000260dab38ef4: 6666 90e8 

  0x00000260dab38ef8: ; ImmutableOopMap {[144]=Oop [152]=Oop [160]=Oop [176]=Oop [208]=Oop [216]=Oop [224]=Oop }
                      ;*invokevirtual getProtectionDomain {reexecute=0 rethrow=0 return_oop=0}
                      ; - java.security.SecureClassLoader::defineClass@5 (line 182)
                      ; - jdk.internal.loader.BuiltinClassLoader::defineClass@79 (line 857)
  0x00000260dab38ef8: 04b2 d0ff | 4c8b 8424 | 9000 0000 | 4c8b 8c24 | d000 0000 | 488b f848 | 8b94 24a0 

  0x00000260dab38f14: ;   {optimized virtual_call}
  0x00000260dab38f14: 0000 00e8 

  0x00000260dab38f18: ; ImmutableOopMap {[144]=Oop [152]=Oop [160]=Oop [176]=Oop [208]=Oop [216]=Oop [224]=Oop }
                      ;*invokevirtual defineClass {reexecute=0 rethrow=0 return_oop=0}
                      ; - java.security.SecureClassLoader::defineClass@8 (line 182)
                      ; - jdk.internal.loader.BuiltinClassLoader::defineClass@79 (line 857)
  0x00000260dab38f18: e4b1 d0ff | 4881 c420 | 0100 005d 

  0x00000260dab38f24: ;   {poll_return}
  0x00000260dab38f24: 493b a778 | 0300 000f | 8709 0200 | 00c3 6666 | 9048 b8ff | ffff ffff 

  0x00000260dab38f3c: ;   {virtual_call}
  0x00000260dab38f3c: ffff ffe8 

  0x00000260dab38f40: ; ImmutableOopMap {[144]=Oop [152]=Oop [160]=Oop [176]=Oop [208]=Oop }
                      ;*invokevirtual getBytes {reexecute=0 rethrow=0 return_oop=0}
                      ; - jdk.internal.loader.BuiltinClassLoader::defineClass@84 (line 859)
  0x00000260dab38f40: 440d deff | 4889 8424 | e800 0000 | 488b 9424 | 9800 0000 | 9048 b8ff | ffff ffff 

  0x00000260dab38f5c: ;   {virtual_call}
  0x00000260dab38f5c: ffff ffe8 

  0x00000260dab38f60: ; ImmutableOopMap {[144]=Oop [152]=Oop [160]=Oop [176]=Oop [208]=Oop [232]=Oop }
                      ;*invokevirtual getCodeSigners {reexecute=0 rethrow=0 return_oop=0}
                      ; - jdk.internal.loader.BuiltinClassLoader::defineClass@90 (line 860)
  0x00000260dab38f60: 540d deff 

  0x00000260dab38f64: ;   {metadata('java/security/CodeSource')}
  0x00000260dab38f64: 48ba 005f | 0000 0800 | 0000 488b | d849 8b87 | f800 0000 | 488d 7828 | 493b bf08 | 0100 000f 
  0x00000260dab38f84: 87c7 0100 | 0049 89bf | f800 0000 | 48c7 0001 | 0000 0048 | 8bca 49ba | 0000 0000 | 0800 0000 
  0x00000260dab38fa4: 492b ca89 | 4808 4833 | c989 480c | 4833 c948 | 8948 1048 | 8948 1848 | 8948 204c | 8b84 24b0 
  0x00000260dab38fc4: 0000 004c | 8bcb 488b | d048 899c | 24f8 0000 | 0048 8984 | 24f0 0000 

  0x00000260dab38fdc: ;   {optimized virtual_call}
  0x00000260dab38fdc: 0066 90e8 

  0x00000260dab38fe0: ; ImmutableOopMap {[144]=Oop [152]=Oop [160]=Oop [176]=Oop [208]=Oop [232]=Oop [240]=Oop [248]=Oop }
                      ;*invokespecial <init> {reexecute=0 rethrow=0 return_oop=0}
                      ; - jdk.internal.loader.BuiltinClassLoader::defineClass@102 (line 861)
  0x00000260dab38fe0: fc36 0000 | 488b 8424 | e800 0000 

  0x00000260dab38fec: ; implicit exception: dispatches to 0x00000260dab3915d
  0x00000260dab38fec: 8b70 0c4c | 8b84 24f0 | 0000 0048 | 8b94 24a0 | 0000 0089 | b424 0001 

  0x00000260dab39004: ;   {optimized virtual_call}
  0x00000260dab39004: 0000 90e8 

  0x00000260dab39008: ; ImmutableOopMap {[144]=Oop [152]=Oop [160]=Oop [176]=Oop [208]=Oop [232]=Oop [240]=Oop [248]=Oop }
                      ;*invokevirtual getProtectionDomain {reexecute=0 rethrow=0 return_oop=0}
                      ; - java.security.SecureClassLoader::defineClass@9 (line 150)
                      ; - jdk.internal.loader.BuiltinClassLoader::defineClass@117 (line 862)
  0x00000260dab39008: 5440 0000 | 4c8b 8424 | 9000 0000 | 4c8b 8c24 | e800 0000 | bf00 0000 | 008b b424 | 0001 0000 
  0x00000260dab39028: 488b c848 | 8b94 24a0 | 0000 000f 

  0x00000260dab39034: ;   {optimized virtual_call}
  0x00000260dab39034: 1f40 00e8 

  0x00000260dab39038: ; ImmutableOopMap {[144]=Oop [152]=Oop [160]=Oop [176]=Oop [208]=Oop [232]=Oop [240]=Oop [248]=Oop }
                      ;*invokevirtual defineClass {reexecute=0 rethrow=0 return_oop=0}
                      ; - java.security.SecureClassLoader::defineClass@12 (line 150)
                      ; - jdk.internal.loader.BuiltinClassLoader::defineClass@117 (line 862)
  0x00000260dab39038: 2450 0000 | 4881 c420 | 0100 005d 

  0x00000260dab39044: ;   {poll_return}
  0x00000260dab39044: 493b a778 | 0300 000f | 8711 0100 | 00c3 4c8b | 8c24 9800 | 0000 4c8b | 8424 9000 | 0000 498b 
  0x00000260dab39064: 8728 0400 | 004d 33d2 | 4d89 9728 | 0400 004d | 33d2 4d89 | 9730 0400 | 0048 8bd0 | 488d 8424 
  0x00000260dab39084: 0801 0000 | 488b 0848 | 85c9 0f84 | 0f00 0000 | 4c8b 5808 | f049 0fb1 | 0b0f 85d5 | 0000 0049 
  0x00000260dab390a4: ff8f 7804 | 0000 488b 

  0x00000260dab390ac: ; ImmutableOopMap {rbx=Oop rdi=Oop r9=Oop r8=Oop rax=Oop [144]=Oop [152]=Oop }
                      ;*invokevirtual cachedInputStream {reexecute=0 rethrow=0 return_oop=0}
                      ; - jdk.internal.loader.Resource::getByteBuffer@1 (line 163)
                      ; - jdk.internal.loader.BuiltinClassLoader::defineClass@45 (line 853)
                      ;   {section_word}
  0x00000260dab390ac: c248 baad | 90b3 da60 

  0x00000260dab390b4: ;   {runtime_call handle_exception_nofpu Runtime1 stub}
  0x00000260dab390b4: 0200 00e8 | 44a0 ddff 

  0x00000260dab390bc: ;   {runtime_call throw_null_pointer_exception Runtime1 stub}
  0x00000260dab390bc: 90e8 3e88 

  0x00000260dab390c0: ; ImmutableOopMap {rax=Oop r8=Oop [144]=Oop [152]=Oop [160]=Oop }
                      ;*invokevirtual lastIndexOf {reexecute=0 rethrow=0 return_oop=0}
                      ; - jdk.internal.loader.BuiltinClassLoader::defineClass@8 (line 845)
                      ;   {runtime_call throw_null_pointer_exception Runtime1 stub}
  0x00000260dab390c0: ddff e839 

  0x00000260dab390c4: ; ImmutableOopMap {rax=Oop r8=Oop rsi=Oop [144]=Oop [152]=Oop [160]=Oop }
                      ;*arraylength {reexecute=0 rethrow=0 return_oop=0}
                      ; - java.lang.String::length@4 (line 1499)
                      ; - java.lang.String::lastIndexOf@3 (line 2462)
                      ; - jdk.internal.loader.BuiltinClassLoader::defineClass@8 (line 845)
  0x00000260dab390c4: 88dd ff4c | 894c 2408 | 4889 1424 

  0x00000260dab390d0: ;   {runtime_call monitorenter_nofpu Runtime1 stub}
  0x00000260dab390d0: e82b b8dd 

  0x00000260dab390d4: ; ImmutableOopMap {r9=Oop [144]=Oop [152]=Oop [160]=Oop [176]=Oop [272]=Oop }
                      ;*synchronization entry
                      ; - jdk.internal.loader.Resource::cachedInputStream@-1 (line 76)
                      ; - jdk.internal.loader.Resource::getByteBuffer@1 (line 163)
                      ; - jdk.internal.loader.BuiltinClassLoader::defineClass@45 (line 853)
  0x00000260dab390d4: ffe9 fcfb | ffff 418b | 510c 4883 | fa00 0f84 | 2afc ffff | 4889 1424 

  0x00000260dab390ec: ;   {runtime_call g1_pre_barrier_slow}
  0x00000260dab390ec: e80f dfdd | ffe9 1cfc | ffff 4883 | f800 0f84 | 2dfc ffff | 4c89 0c24 

  0x00000260dab39104: ;   {runtime_call g1_post_barrier_slow}
  0x00000260dab39104: e8f7 e1dd | ffe9 1ffc | ffff 488d | 8424 0801 | 0000 4889 

  0x00000260dab39118: ;   {runtime_call monitorexit_nofpu Runtime1 stub}
  0x00000260dab39118: 0424 e8e1 | bddd ffe9 | 37fc ffff | 4889 3424 

  0x00000260dab39128: ;   {runtime_call throw_class_cast_exception Runtime1 stub}
  0x00000260dab39128: e8d3 abdd 

  0x00000260dab3912c: ; ImmutableOopMap {rsi=Oop [144]=Oop [152]=Oop [160]=Oop [176]=Oop }
                      ;*checkcast {reexecute=0 rethrow=0 return_oop=0}
                      ; - jdk.internal.loader.Resource::getByteBuffer@13 (line 165)
                      ; - jdk.internal.loader.BuiltinClassLoader::defineClass@45 (line 853)
  0x00000260dab3912c: ff48 8bd2 

  0x00000260dab39130: ;   {runtime_call fast_new_instance Runtime1 stub}
  0x00000260dab39130: e8cb 90dd 

  0x00000260dab39134: ; ImmutableOopMap {rbx=Oop [144]=Oop [152]=Oop [160]=Oop [176]=Oop [208]=Oop }
                      ;*new {reexecute=0 rethrow=0 return_oop=0}
                      ; - jdk.internal.loader.BuiltinClassLoader::defineClass@61 (line 856)
  0x00000260dab39134: ffe9 85fd 

  0x00000260dab39138: ;   {internal_word}
  0x00000260dab39138: ffff 49ba | 248f b3da | 6002 0000 | 4d89 9790 

  0x00000260dab39148: ;   {runtime_call SafepointBlob}
  0x00000260dab39148: 0300 00e9 | 301c d1ff 

  0x00000260dab39150: ;   {runtime_call fast_new_instance Runtime1 stub}
  0x00000260dab39150: 488b d2e8 

  0x00000260dab39154: ; ImmutableOopMap {rbx=Oop [144]=Oop [152]=Oop [160]=Oop [176]=Oop [208]=Oop [232]=Oop }
                      ;*new {reexecute=0 rethrow=0 return_oop=0}
                      ; - jdk.internal.loader.BuiltinClassLoader::defineClass@95 (line 861)
  0x00000260dab39154: a890 ddff | e962 feff 

  0x00000260dab3915c: ;   {runtime_call throw_null_pointer_exception Runtime1 stub}
  0x00000260dab3915c: ffe8 9e87 

  0x00000260dab39160: ; ImmutableOopMap {rax=Oop [144]=Oop [152]=Oop [160]=Oop [176]=Oop [208]=Oop [232]=Oop [240]=Oop [248]=Oop }
                      ;*arraylength {reexecute=0 rethrow=0 return_oop=0}
                      ; - jdk.internal.loader.BuiltinClassLoader::defineClass@114 (line 862)
                      ;   {internal_word}
  0x00000260dab39160: ddff 49ba | 4490 b3da | 6002 0000 | 4d89 9790 

  0x00000260dab39170: ;   {runtime_call SafepointBlob}
  0x00000260dab39170: 0300 00e9 | 081c d1ff | 488d 8424 | 0801 0000 | 4889 0424 

  0x00000260dab39184: ;   {runtime_call monitorexit_nofpu Runtime1 stub}
  0x00000260dab39184: e877 bddd | ffe9 1cff | ffff 8bb4 | 24ac 0000 | 0048 8bbc | 24b0 0000 | 0048 8b9c | 24a0 0000 
  0x00000260dab391a4: 00e9 a8fe | ffff 498b | 8728 0400 | 0049 c787 | 2804 0000 | 0000 0000 | 49c7 8730 | 0400 0000 
  0x00000260dab391c4: 0000 0048 | 81c4 2001 

  0x00000260dab391cc: ;   {runtime_call unwind_exception Runtime1 stub}
  0x00000260dab391cc: 0000 5de9 | 2c78 ddff | f4f4 f4f4 
[Stub Code]
  0x00000260dab391d8: ;   {no_reloc}
  0x00000260dab391d8: 0f1f 4400 

  0x00000260dab391dc: ;   {static_stub}
  0x00000260dab391dc: 0048 bb00 | 0000 0000 

  0x00000260dab391e4: ;   {runtime_call}
  0x00000260dab391e4: 0000 00e9 | fbff ffff 

  0x00000260dab391ec: ;   {static_stub}
  0x00000260dab391ec: 9048 bb00 | 0000 0000 

  0x00000260dab391f4: ;   {runtime_call}
  0x00000260dab391f4: 0000 00e9 | fbff ffff 

  0x00000260dab391fc: ;   {static_stub}
  0x00000260dab391fc: 9048 bb00 | 0000 0000 

  0x00000260dab39204: ;   {runtime_call}
  0x00000260dab39204: 0000 00e9 | fbff ffff 

  0x00000260dab3920c: ;   {static_stub}
  0x00000260dab3920c: 9048 bb00 | 0000 0000 

  0x00000260dab39214: ;   {runtime_call}
  0x00000260dab39214: 0000 00e9 | fbff ffff 

  0x00000260dab3921c: ;   {static_stub}
  0x00000260dab3921c: 9048 bb00 | 0000 0000 

  0x00000260dab39224: ;   {runtime_call}
  0x00000260dab39224: 0000 00e9 | fbff ffff 

  0x00000260dab3922c: ;   {static_stub}
  0x00000260dab3922c: 9048 bb00 | 0000 0000 

  0x00000260dab39234: ;   {runtime_call}
  0x00000260dab39234: 0000 00e9 | fbff ffff 

  0x00000260dab3923c: ;   {static_stub}
  0x00000260dab3923c: 9048 bb00 | 0000 0000 

  0x00000260dab39244: ;   {runtime_call}
  0x00000260dab39244: 0000 00e9 | fbff ffff 

  0x00000260dab3924c: ;   {static_stub}
  0x00000260dab3924c: 9048 bb00 | 0000 0000 

  0x00000260dab39254: ;   {runtime_call}
  0x00000260dab39254: 0000 00e9 | fbff ffff 
[Exception Handler]
  0x00000260dab3925c: ;   {runtime_call handle_exception_from_callee Runtime1 stub}
  0x00000260dab3925c: e89f a4dd 

  0x00000260dab39260: ;   {external_word}
  0x00000260dab39260: ff48 b9b0 | 23bc b8fb | 7f00 0048 

  0x00000260dab3926c: ;   {runtime_call}
  0x00000260dab3926c: 83e4 f048 | b820 1688 | b8fb 7f00 | 00ff d0f4 
[Deopt Handler Code]
  0x00000260dab3927c: ;   {section_word}
  0x00000260dab3927c: 49ba 7c92 | b3da 6002 | 0000 4152 

  0x00000260dab39288: ;   {runtime_call DeoptimizationBlob}
  0x00000260dab39288: e993 0dd1 

  0x00000260dab3928c: ;   {static_stub}
  0x00000260dab3928c: ff48 bb00 | 0000 0000 

  0x00000260dab39294: ;   {runtime_call}
  0x00000260dab39294: 0000 00e9 | fbff ffff 

  0x00000260dab3929c: ;   {static_stub}
  0x00000260dab3929c: 48bb 0000 | 0000 0000 

  0x00000260dab392a4: ;   {runtime_call}
  0x00000260dab392a4: 0000 e9fb 

  0x00000260dab392a8: ;   {static_stub}
  0x00000260dab392a8: ffff ff48 | bb00 0000 | 0000 0000 

  0x00000260dab392b4: ;   {runtime_call}
  0x00000260dab392b4: 00e9 fbff 

  0x00000260dab392b8: ;   {static_stub}
  0x00000260dab392b8: ffff 48bb | 0000 0000 | 0000 0000 

  0x00000260dab392c4: ;   {runtime_call}
  0x00000260dab392c4: e9fb ffff 

  0x00000260dab392c8: ;   {static_stub}
  0x00000260dab392c8: ff48 bb00 | 0000 0000 

  0x00000260dab392d0: ;   {runtime_call}
  0x00000260dab392d0: 0000 00e9 | fbff ffff 

  0x00000260dab392d8: ;   {static_stub}
  0x00000260dab392d8: 48bb 0000 | 0000 0000 

  0x00000260dab392e0: ;   {runtime_call}
  0x00000260dab392e0: 0000 e9fb 

  0x00000260dab392e4: ;   {static_stub}
  0x00000260dab392e4: ffff ff48 | bb00 0000 | 0000 0000 

  0x00000260dab392f0: ;   {runtime_call}
  0x00000260dab392f0: 00e9 fbff | ffff f4f4 
[/MachCode]


---------------  P R O C E S S  ---------------

Threads class SMR info:
_java_thread_list=0x00000260e98b9680, length=21, elements={
0x00000260d0f654c0, 0x00000260e301bdc0, 0x00000260e301cb60, 0x00000260e301f0b0,
0x00000260e30204c0, 0x00000260e3020e00, 0x00000260e3021740, 0x00000260e3022080,
0x00000260e74a8030, 0x00000260e74f2400, 0x00000260e750dbe0, 0x00000260e7511900,
0x00000260e7543970, 0x00000260e7a526d0, 0x00000260e74a5a50, 0x00000260e8ce8050,
0x00000260e8c3db90, 0x00000260e8c39070, 0x00000260e8c395c0, 0x00000260e8c3a5b0,
0x00000260e8c39b10
}

Java Threads: ( => current thread )
=>0x00000260d0f654c0 JavaThread "main" [_thread_in_vm, id=26596, stack(0x000000b5c4100000,0x000000b5c4200000)]
  0x00000260e301bdc0 JavaThread "Reference Handler" daemon [_thread_blocked, id=25644, stack(0x000000b5c4800000,0x000000b5c4900000)]
  0x00000260e301cb60 JavaThread "Finalizer" daemon [_thread_blocked, id=6000, stack(0x000000b5c4900000,0x000000b5c4a00000)]
  0x00000260e301f0b0 JavaThread "Signal Dispatcher" daemon [_thread_blocked, id=15464, stack(0x000000b5c4a00000,0x000000b5c4b00000)]
  0x00000260e30204c0 JavaThread "Attach Listener" daemon [_thread_blocked, id=26368, stack(0x000000b5c4b00000,0x000000b5c4c00000)]
  0x00000260e3020e00 JavaThread "Service Thread" daemon [_thread_blocked, id=25712, stack(0x000000b5c4c00000,0x000000b5c4d00000)]
  0x00000260e3021740 JavaThread "Monitor Deflation Thread" daemon [_thread_blocked, id=25800, stack(0x000000b5c4d00000,0x000000b5c4e00000)]
  0x00000260e3022080 JavaThread "C1 CompilerThread0" daemon [_thread_blocked, id=22520, stack(0x000000b5c4e00000,0x000000b5c4f00000)]
  0x00000260e74a8030 JavaThread "Common-Cleaner" daemon [_thread_blocked, id=25752, stack(0x000000b5c4f00000,0x000000b5c5000000)]
  0x00000260e74f2400 JavaThread "JDWP Transport Listener: dt_socket" daemon [_thread_blocked, id=24652, stack(0x000000b5c5000000,0x000000b5c5100000)]
  0x00000260e750dbe0 JavaThread "JDWP Event Helper Thread" daemon [_thread_blocked, id=25876, stack(0x000000b5c5100000,0x000000b5c5200000)]
  0x00000260e7511900 JavaThread "JDWP Command Reader" daemon [_thread_in_native, id=1936, stack(0x000000b5c5200000,0x000000b5c5300000)]
  0x00000260e7543970 JavaThread "Notification Thread" daemon [_thread_blocked, id=16976, stack(0x000000b5c5300000,0x000000b5c5400000)]
  0x00000260e7a526d0 JavaThread "RMI TCP Accept-0" daemon [_thread_in_native, id=15888, stack(0x000000b5c5400000,0x000000b5c5500000)]
  0x00000260e74a5a50 JavaThread "Catalina-utility-1" [_thread_blocked, id=13616, stack(0x000000b5c5d00000,0x000000b5c5e00000)]
  0x00000260e8ce8050 JavaThread "Catalina-utility-2" [_thread_blocked, id=22352, stack(0x000000b5c5e00000,0x000000b5c5f00000)]
  0x00000260e8c3db90 JavaThread "container-0" [_thread_blocked, id=13424, stack(0x000000b5c5f00000,0x000000b5c6000000)]
  0x00000260e8c39070 JavaThread "RMI TCP Connection(1)-26.20.215.146" daemon [_thread_in_native, id=13416, stack(0x000000b5c6000000,0x000000b5c6100000)]
  0x00000260e8c395c0 JavaThread "RMI Scheduler(0)" daemon [_thread_blocked, id=22964, stack(0x000000b5c6100000,0x000000b5c6200000)]
  0x00000260e8c3a5b0 JavaThread "PostgreSQL-JDBC-Cleaner" daemon [_thread_blocked, id=7280, stack(0x000000b5c6300000,0x000000b5c6400000)]
  0x00000260e8c39b10 JavaThread "HikariPool-1 housekeeper" daemon [_thread_blocked, id=22416, stack(0x000000b5c6400000,0x000000b5c6500000)]

Other Threads:
  0x00000260e2ffbdf0 VMThread "VM Thread" [stack: 0x000000b5c4700000,0x000000b5c4800000] [id=25932]
  0x00000260d0f662c0 WatcherThread "VM Periodic Task Thread" [stack: 0x000000b5c5500000,0x000000b5c5600000] [id=26064]
  0x00000260d0fc12e0 WorkerThread "GC Thread#0" [stack: 0x000000b5c4200000,0x000000b5c4300000] [id=18364]
  0x00000260e7aefeb0 WorkerThread "GC Thread#1" [stack: 0x000000b5c5600000,0x000000b5c5700000] [id=20520]
  0x00000260e7b192f0 WorkerThread "GC Thread#2" [stack: 0x000000b5c5700000,0x000000b5c5800000] [id=25208]
  0x00000260e7b195c0 WorkerThread "GC Thread#3" [stack: 0x000000b5c5800000,0x000000b5c5900000] [id=26156]
  0x00000260e7b1b8a0 WorkerThread "GC Thread#4" [stack: 0x000000b5c5900000,0x000000b5c5a00000] [id=26060]
  0x00000260e7b1bb70 WorkerThread "GC Thread#5" [stack: 0x000000b5c5a00000,0x000000b5c5b00000] [id=18108]
  0x00000260d0fd0e00 ConcurrentGCThread "G1 Main Marker" [stack: 0x000000b5c4300000,0x000000b5c4400000] [id=15572]
  0x00000260d0fd1740 WorkerThread "G1 Conc#0" [stack: 0x000000b5c4400000,0x000000b5c4500000] [id=23452]
  0x00000260e7fa5660 WorkerThread "G1 Conc#1" [stack: 0x000000b5c5b00000,0x000000b5c5c00000] [id=26100]
  0x00000260d101e860 ConcurrentGCThread "G1 Refine#0" [stack: 0x000000b5c4500000,0x000000b5c4600000] [id=26132]
  0x00000260e2ebb770 ConcurrentGCThread "G1 Service" [stack: 0x000000b5c4600000,0x000000b5c4700000] [id=25680]

Threads with active compile tasks:

VM state: not at safepoint (normal execution)

VM Mutex/Monitor currently owned by a thread:  ([mutex/lock_event])
[0x00000260d0f52060] Metaspace_lock - owner thread: 0x00000260d0f654c0

Heap address: 0x0000000089800000, size: 1896 MB, Compressed Oops mode: 32-bit

CDS archive(s) mapped at: [0x0000000800000000-0x0000000800c60000-0x0000000800c60000), size 12976128, SharedBaseAddress: 0x0000000800000000, ArchiveRelocationMode: 0.
Compressed class space mapped at: 0x0000000801000000-0x0000000841000000, reserved size: 1073741824
Narrow klass base: 0x0000000800000000, Narrow klass shift: 0, Narrow klass range: 0x100000000

GC Precious Log:
 CardTable entry size: 512
 Card Set container configuration: InlinePtr #cards 5 size 8 Array Of Cards #cards 12 size 40 Howl #buckets 4 coarsen threshold 1843 Howl Bitmap #cards 512 size 80 coarsen threshold 460 Card regions per heap region 1 cards per card region 2048
 CPUs: 6 total, 6 available
 Memory: 7581M
 Large Page Support: Disabled
 NUMA Support: Disabled
 Compressed Oops: Enabled (32-bit)
 Heap Region Size: 1M
 Heap Min Capacity: 8M
 Heap Initial Capacity: 120M
 Heap Max Capacity: 1896M
 Pre-touch: Disabled
 Parallel Workers: 6
 Concurrent Workers: 2
 Concurrent Refinement Workers: 6
 Periodic GC: Disabled

Heap:
 garbage-first heap   total 55296K, used 33830K [0x0000000089800000, 0x0000000100000000)
  region size 1024K, 8 young (8192K), 1 survivors (1024K)
 Metaspace       used 59873K, committed 60544K, reserved 1114112K
  class space    used 8383K, committed 8704K, reserved 1048576K

Heap Regions: E=young(eden), S=young(survivor), O=old, HS=humongous(starts), HC=humongous(continues), CS=collection set, F=free, OA=open archive, CA=closed archive, TAMS=top-at-mark-start, PB=parsable bottom
|   0|0x0000000089800000, 0x0000000089900000, 0x0000000089900000|100%|HS|  |TAMS 0x0000000089800000| PB 0x0000000089800000| Complete 
|   1|0x0000000089900000, 0x0000000089a00000, 0x0000000089a00000|100%|HS|  |TAMS 0x0000000089900000| PB 0x0000000089900000| Complete 
|   2|0x0000000089a00000, 0x0000000089b00000, 0x0000000089b00000|100%| O|  |TAMS 0x0000000089a00000| PB 0x0000000089a00000| Untracked 
|   3|0x0000000089b00000, 0x0000000089c00000, 0x0000000089c00000|100%| O|  |TAMS 0x0000000089b00000| PB 0x0000000089b00000| Untracked 
|   4|0x0000000089c00000, 0x0000000089d00000, 0x0000000089d00000|100%| O|  |TAMS 0x0000000089c00000| PB 0x0000000089c00000| Untracked 
|   5|0x0000000089d00000, 0x0000000089e00000, 0x0000000089e00000|100%| O|  |TAMS 0x0000000089d00000| PB 0x0000000089d00000| Untracked 
|   6|0x0000000089e00000, 0x0000000089f00000, 0x0000000089f00000|100%| O|  |TAMS 0x0000000089e00000| PB 0x0000000089e00000| Untracked 
|   7|0x0000000089f00000, 0x000000008a000000, 0x000000008a000000|100%| O|  |TAMS 0x0000000089f00000| PB 0x0000000089f00000| Untracked 
|   8|0x000000008a000000, 0x000000008a100000, 0x000000008a100000|100%| O|  |TAMS 0x000000008a000000| PB 0x000000008a000000| Untracked 
|   9|0x000000008a100000, 0x000000008a200000, 0x000000008a200000|100%| O|  |TAMS 0x000000008a100000| PB 0x000000008a100000| Untracked 
|  10|0x000000008a200000, 0x000000008a300000, 0x000000008a300000|100%| O|  |TAMS 0x000000008a200000| PB 0x000000008a200000| Untracked 
|  11|0x000000008a300000, 0x000000008a400000, 0x000000008a400000|100%| O|  |TAMS 0x000000008a300000| PB 0x000000008a300000| Untracked 
|  12|0x000000008a400000, 0x000000008a500000, 0x000000008a500000|100%| O|  |TAMS 0x000000008a400000| PB 0x000000008a400000| Untracked 
|  13|0x000000008a500000, 0x000000008a600000, 0x000000008a600000|100%| O|  |TAMS 0x000000008a500000| PB 0x000000008a500000| Untracked 
|  14|0x000000008a600000, 0x000000008a700000, 0x000000008a700000|100%| O|  |TAMS 0x000000008a600000| PB 0x000000008a600000| Untracked 
|  15|0x000000008a700000, 0x000000008a800000, 0x000000008a800000|100%| O|  |TAMS 0x000000008a700000| PB 0x000000008a700000| Complete 
|  16|0x000000008a800000, 0x000000008a900000, 0x000000008a900000|100%| O|  |TAMS 0x000000008a800000| PB 0x000000008a800000| Untracked 
|  17|0x000000008a900000, 0x000000008aa00000, 0x000000008aa00000|100%| O|  |TAMS 0x000000008a900000| PB 0x000000008a900000| Untracked 
|  18|0x000000008aa00000, 0x000000008ab00000, 0x000000008ab00000|100%| O|  |TAMS 0x000000008aa00000| PB 0x000000008aa00000| Untracked 
|  19|0x000000008ab00000, 0x000000008ac00000, 0x000000008ac00000|100%| O|  |TAMS 0x000000008ab00000| PB 0x000000008ab00000| Untracked 
|  20|0x000000008ac00000, 0x000000008ad00000, 0x000000008ad00000|100%| O|  |TAMS 0x000000008ac00000| PB 0x000000008ac00000| Untracked 
|  21|0x000000008ad00000, 0x000000008ae00000, 0x000000008ae00000|100%| O|  |TAMS 0x000000008ad00000| PB 0x000000008ad00000| Untracked 
|  22|0x000000008ae00000, 0x000000008af00000, 0x000000008af00000|100%| O|  |TAMS 0x000000008ae00000| PB 0x000000008ae00000| Untracked 
|  23|0x000000008af00000, 0x000000008b000000, 0x000000008b000000|100%| O|  |TAMS 0x000000008af00000| PB 0x000000008af00000| Untracked 
|  24|0x000000008b000000, 0x000000008b100000, 0x000000008b100000|100%| O|  |TAMS 0x000000008b000000| PB 0x000000008b000000| Untracked 
|  25|0x000000008b100000, 0x000000008b100000, 0x000000008b200000|  0%| F|  |TAMS 0x000000008b100000| PB 0x000000008b100000| Untracked 
|  26|0x000000008b200000, 0x000000008b200000, 0x000000008b300000|  0%| F|  |TAMS 0x000000008b200000| PB 0x000000008b200000| Untracked 
|  27|0x000000008b300000, 0x000000008b300000, 0x000000008b400000|  0%| F|  |TAMS 0x000000008b300000| PB 0x000000008b300000| Untracked 
|  28|0x000000008b400000, 0x000000008b500000, 0x000000008b500000|100%| O|  |TAMS 0x000000008b400000| PB 0x000000008b400000| Untracked 
|  29|0x000000008b500000, 0x000000008b59b600, 0x000000008b600000| 60%| O|  |TAMS 0x000000008b500000| PB 0x000000008b500000| Untracked 
|  30|0x000000008b600000, 0x000000008b600000, 0x000000008b700000|  0%| F|  |TAMS 0x000000008b600000| PB 0x000000008b600000| Untracked 
|  31|0x000000008b700000, 0x000000008b700000, 0x000000008b800000|  0%| F|  |TAMS 0x000000008b700000| PB 0x000000008b700000| Untracked 
|  32|0x000000008b800000, 0x000000008b800000, 0x000000008b900000|  0%| F|  |TAMS 0x000000008b800000| PB 0x000000008b800000| Untracked 
|  33|0x000000008b900000, 0x000000008b900000, 0x000000008ba00000|  0%| F|  |TAMS 0x000000008b900000| PB 0x000000008b900000| Untracked 
|  34|0x000000008ba00000, 0x000000008ba00000, 0x000000008bb00000|  0%| F|  |TAMS 0x000000008ba00000| PB 0x000000008ba00000| Untracked 
|  35|0x000000008bb00000, 0x000000008bb00000, 0x000000008bc00000|  0%| F|  |TAMS 0x000000008bb00000| PB 0x000000008bb00000| Untracked 
|  36|0x000000008bc00000, 0x000000008bc00000, 0x000000008bd00000|  0%| F|  |TAMS 0x000000008bc00000| PB 0x000000008bc00000| Untracked 
|  37|0x000000008bd00000, 0x000000008bd00000, 0x000000008be00000|  0%| F|  |TAMS 0x000000008bd00000| PB 0x000000008bd00000| Untracked 
|  38|0x000000008be00000, 0x000000008be00000, 0x000000008bf00000|  0%| F|  |TAMS 0x000000008be00000| PB 0x000000008be00000| Untracked 
|  39|0x000000008bf00000, 0x000000008bf00000, 0x000000008c000000|  0%| F|  |TAMS 0x000000008bf00000| PB 0x000000008bf00000| Untracked 
|  40|0x000000008c000000, 0x000000008c000000, 0x000000008c100000|  0%| F|  |TAMS 0x000000008c000000| PB 0x000000008c000000| Untracked 
|  41|0x000000008c100000, 0x000000008c100000, 0x000000008c200000|  0%| F|  |TAMS 0x000000008c100000| PB 0x000000008c100000| Untracked 
|  42|0x000000008c200000, 0x000000008c200000, 0x000000008c300000|  0%| F|  |TAMS 0x000000008c200000| PB 0x000000008c200000| Untracked 
|  43|0x000000008c300000, 0x000000008c300000, 0x000000008c400000|  0%| F|  |TAMS 0x000000008c300000| PB 0x000000008c300000| Untracked 
|  44|0x000000008c400000, 0x000000008c400000, 0x000000008c500000|  0%| F|  |TAMS 0x000000008c400000| PB 0x000000008c400000| Untracked 
|  45|0x000000008c500000, 0x000000008c500000, 0x000000008c600000|  0%| F|  |TAMS 0x000000008c500000| PB 0x000000008c500000| Untracked 
|  46|0x000000008c600000, 0x000000008c700000, 0x000000008c700000|100%| E|  |TAMS 0x000000008c600000| PB 0x000000008c600000| Complete 
|  47|0x000000008c700000, 0x000000008c800000, 0x000000008c800000|100%| E|CS|TAMS 0x000000008c700000| PB 0x000000008c700000| Complete 
|  48|0x000000008c800000, 0x000000008c900000, 0x000000008c900000|100%| E|CS|TAMS 0x000000008c800000| PB 0x000000008c800000| Complete 
|  49|0x000000008c900000, 0x000000008ca00000, 0x000000008ca00000|100%| E|CS|TAMS 0x000000008c900000| PB 0x000000008c900000| Complete 
|  50|0x000000008ca00000, 0x000000008cb00000, 0x000000008cb00000|100%| E|CS|TAMS 0x000000008ca00000| PB 0x000000008ca00000| Complete 
|  51|0x000000008cb00000, 0x000000008cb6e580, 0x000000008cc00000| 43%| S|CS|TAMS 0x000000008cb00000| PB 0x000000008cb00000| Complete 
|  52|0x000000008cc00000, 0x000000008cd00000, 0x000000008cd00000|100%| E|CS|TAMS 0x000000008cc00000| PB 0x000000008cc00000| Complete 
| 119|0x0000000090f00000, 0x0000000091000000, 0x0000000091000000|100%| E|CS|TAMS 0x0000000090f00000| PB 0x0000000090f00000| Complete 

Card table byte_map: [0x00000260de270000,0x00000260de630000] _byte_map_base: 0x00000260dde24000

Marking Bits: (CMBitMap*) 0x00000260d0fc1820
 Bits: [0x00000260de9f0000, 0x00000260e0790000)

Polling page: 0x00000260da7c0000

Metaspace:

Usage:
  Non-class:     50.28 MB used.
      Class:      8.19 MB used.
       Both:     58.47 MB used.

Virtual space:
  Non-class space:       64.00 MB reserved,      50.62 MB ( 79%) committed,  1 nodes.
      Class space:        1.00 GB reserved,       8.50 MB ( <1%) committed,  1 nodes.
             Both:        1.06 GB reserved,      59.12 MB (  5%) committed. 

Chunk freelists:
   Non-Class:  1.05 MB
       Class:  3.45 MB
        Both:  4.50 MB

MaxMetaspaceSize: unlimited
CompressedClassSpaceSize: 1.00 GB
Initial GC threshold: 21.00 MB
Current GC threshold: 97.94 MB
CDS: on
MetaspaceReclaimPolicy: balanced
 - commit_granule_bytes: 65536.
 - commit_granule_words: 8192.
 - virtual_space_node_default_size: 8388608.
 - enlarge_chunks_in_place: 1.
 - new_chunks_are_fully_committed: 0.
 - uncommit_free_chunks: 1.
 - use_allocation_guard: 0.


Internal statistics:

num_allocs_failed_limit: 9.
num_arena_births: 962.
num_arena_deaths: 16.
num_vsnodes_births: 2.
num_vsnodes_deaths: 0.
num_space_committed: 946.
num_space_uncommitted: 0.
num_chunks_returned_to_freelist: 26.
num_chunks_taken_from_freelist: 3083.
num_chunk_merges: 11.
num_chunk_splits: 2244.
num_chunks_enlarged: 1747.
num_inconsistent_stats: 0.

CodeCache: size=49152Kb used=9139Kb max_used=9166Kb free=40012Kb
 bounds [0x00000260da7e0000, 0x00000260db0e0000, 0x00000260dd7e0000]
 total_blobs=5412 nmethods=4749 adapters=586
 compilation: enabled
              stopped_count=0, restarted_count=0
 full_count=0

Compilation events (20 events):
Event: 44.971 Thread 0x00000260e3022080 4820       1       org.springframework.util.StringUtils::toStringArray (18 bytes)
Event: 44.971 Thread 0x00000260e3022080 nmethod 4820 0x00000260daf3d710 code [0x00000260daf3d900, 0x00000260daf3dda0]
Event: 44.971 Thread 0x00000260e3022080 4821       1       java.util.Collections::list (33 bytes)
Event: 44.971 Thread 0x00000260e3022080 nmethod 4821 0x00000260daf3cf90 code [0x00000260daf3d160, 0x00000260daf3d4e8]
Event: 44.971 Thread 0x00000260e3022080 4823   !   1       org.springframework.boot.context.properties.bind.Binder::bindObject (117 bytes)
Event: 44.972 Thread 0x00000260e3022080 nmethod 4823 0x00000260daf3c290 code [0x00000260daf3c4e0, 0x00000260daf3ca68]
Event: 44.989 Thread 0x00000260e3022080 4824       1       org.springframework.core.BridgeMethodResolver::searchCandidates (115 bytes)
Event: 44.990 Thread 0x00000260e3022080 nmethod 4824 0x00000260dadac090 code [0x00000260dadac340, 0x00000260dadacb48]
Event: 44.991 Thread 0x00000260e3022080 4825       1       org.springframework.boot.web.servlet.context.WebApplicationContextServletContextAwareProcessor::getServletConfig (23 bytes)
Event: 44.991 Thread 0x00000260e3022080 nmethod 4825 0x00000260daf3be90 code [0x00000260daf3c020, 0x00000260daf3c128]
Event: 44.992 Thread 0x00000260e3022080 4826       1       org.springframework.beans.factory.annotation.QualifierAnnotationAutowireCandidateResolver::findValue (29 bytes)
Event: 44.993 Thread 0x00000260e3022080 nmethod 4826 0x00000260dadab690 code [0x00000260dadab8a0, 0x00000260dadabd30]
Event: 44.994 Thread 0x00000260e3022080 4827       1       java.lang.reflect.Modifier::isVolatile (13 bytes)
Event: 44.994 Thread 0x00000260e3022080 nmethod 4827 0x00000260dadab390 code [0x00000260dadab500, 0x00000260dadab5c0]
Event: 44.998 Thread 0x00000260e3022080 4829       1       java.lang.invoke.BoundMethodHandle$Species_LL::speciesData (4 bytes)
Event: 44.998 Thread 0x00000260e3022080 nmethod 4829 0x00000260dadaad90 code [0x00000260dadaaf00, 0x00000260dadaafd0]
Event: 45.008 Thread 0x00000260e3022080 4830       1       org.springframework.boot.context.properties.bind.Bindable::box (60 bytes)
Event: 45.009 Thread 0x00000260e3022080 nmethod 4830 0x00000260dadaa190 code [0x00000260dadaa3c0, 0x00000260dadaa938]
Event: 45.010 Thread 0x00000260e3022080 4831       1       org.springframework.boot.context.properties.ConfigurationPropertiesBinder$ConfigurationPropertiesBinderFactory::getObjectType (3 bytes)
Event: 45.010 Thread 0x00000260e3022080 nmethod 4831 0x00000260dada9e90 code [0x00000260dadaa000, 0x00000260dadaa0d0]

GC Heap History (20 events):
Event: 32.583 GC heap before
{Heap before GC invocations=4 (full 0):
 garbage-first heap   total 55296K, used 40294K [0x0000000089800000, 0x0000000100000000)
  region size 1024K, 32 young (32768K), 7 survivors (7168K)
 Metaspace       used 24737K, committed 25216K, reserved 1114112K
  class space    used 3272K, committed 3520K, reserved 1048576K
}
Event: 32.599 GC heap after
{Heap after GC invocations=5 (full 0):
 garbage-first heap   total 55296K, used 16931K [0x0000000089800000, 0x0000000100000000)
  region size 1024K, 3 young (3072K), 3 survivors (3072K)
 Metaspace       used 24737K, committed 25216K, reserved 1114112K
  class space    used 3272K, committed 3520K, reserved 1048576K
}
Event: 33.823 GC heap before
{Heap before GC invocations=5 (full 0):
 garbage-first heap   total 55296K, used 42531K [0x0000000089800000, 0x0000000100000000)
  region size 1024K, 28 young (28672K), 3 survivors (3072K)
 Metaspace       used 28856K, committed 29312K, reserved 1114112K
  class space    used 3842K, committed 4032K, reserved 1048576K
}
Event: 33.832 GC heap after
{Heap after GC invocations=6 (full 0):
 garbage-first heap   total 55296K, used 18931K [0x0000000089800000, 0x0000000100000000)
  region size 1024K, 4 young (4096K), 4 survivors (4096K)
 Metaspace       used 28856K, committed 29312K, reserved 1114112K
  class space    used 3842K, committed 4032K, reserved 1048576K
}
Event: 35.312 GC heap before
{Heap before GC invocations=6 (full 0):
 garbage-first heap   total 55296K, used 44531K [0x0000000089800000, 0x0000000100000000)
  region size 1024K, 29 young (29696K), 4 survivors (4096K)
 Metaspace       used 33683K, committed 34304K, reserved 1114112K
  class space    used 4550K, committed 4800K, reserved 1048576K
}
Event: 35.322 GC heap after
{Heap after GC invocations=7 (full 0):
 garbage-first heap   total 55296K, used 20777K [0x0000000089800000, 0x0000000100000000)
  region size 1024K, 2 young (2048K), 2 survivors (2048K)
 Metaspace       used 33683K, committed 34304K, reserved 1114112K
  class space    used 4550K, committed 4800K, reserved 1048576K
}
Event: 35.687 GC heap before
{Heap before GC invocations=7 (full 0):
 garbage-first heap   total 55296K, used 27945K [0x0000000089800000, 0x0000000100000000)
  region size 1024K, 11 young (11264K), 2 survivors (2048K)
 Metaspace       used 35415K, committed 35968K, reserved 1114112K
  class space    used 4834K, committed 5120K, reserved 1048576K
}
Event: 35.691 GC heap after
{Heap after GC invocations=8 (full 0):
 garbage-first heap   total 55296K, used 20577K [0x0000000089800000, 0x0000000100000000)
  region size 1024K, 2 young (2048K), 2 survivors (2048K)
 Metaspace       used 35415K, committed 35968K, reserved 1114112K
  class space    used 4834K, committed 5120K, reserved 1048576K
}
Event: 37.045 GC heap before
{Heap before GC invocations=9 (full 0):
 garbage-first heap   total 55296K, used 46177K [0x0000000089800000, 0x0000000100000000)
  region size 1024K, 28 young (28672K), 2 survivors (2048K)
 Metaspace       used 41216K, committed 41792K, reserved 1114112K
  class space    used 5641K, committed 5888K, reserved 1048576K
}
Event: 37.050 GC heap after
{Heap after GC invocations=10 (full 0):
 garbage-first heap   total 55296K, used 22177K [0x0000000089800000, 0x0000000100000000)
  region size 1024K, 4 young (4096K), 4 survivors (4096K)
 Metaspace       used 41216K, committed 41792K, reserved 1114112K
  class space    used 5641K, committed 5888K, reserved 1048576K
}
Event: 37.996 GC heap before
{Heap before GC invocations=10 (full 0):
 garbage-first heap   total 55296K, used 44705K [0x0000000089800000, 0x0000000100000000)
  region size 1024K, 27 young (27648K), 4 survivors (4096K)
 Metaspace       used 46150K, committed 46784K, reserved 1114112K
  class space    used 6243K, committed 6528K, reserved 1048576K
}
Event: 38.001 GC heap after
{Heap after GC invocations=11 (full 0):
 garbage-first heap   total 55296K, used 22586K [0x0000000089800000, 0x0000000100000000)
  region size 1024K, 3 young (3072K), 3 survivors (3072K)
 Metaspace       used 46150K, committed 46784K, reserved 1114112K
  class space    used 6243K, committed 6528K, reserved 1048576K
}
Event: 39.189 GC heap before
{Heap before GC invocations=11 (full 0):
 garbage-first heap   total 55296K, used 46138K [0x0000000089800000, 0x0000000100000000)
  region size 1024K, 27 young (27648K), 3 survivors (3072K)
 Metaspace       used 51382K, committed 52032K, reserved 1114112K
  class space    used 7174K, committed 7424K, reserved 1048576K
}
Event: 39.195 GC heap after
{Heap after GC invocations=12 (full 0):
 garbage-first heap   total 55296K, used 23883K [0x0000000089800000, 0x0000000100000000)
  region size 1024K, 3 young (3072K), 3 survivors (3072K)
 Metaspace       used 51382K, committed 52032K, reserved 1114112K
  class space    used 7174K, committed 7424K, reserved 1048576K
}
Event: 43.618 GC heap before
{Heap before GC invocations=12 (full 0):
 garbage-first heap   total 55296K, used 47435K [0x0000000089800000, 0x0000000100000000)
  region size 1024K, 26 young (26624K), 3 survivors (3072K)
 Metaspace       used 56042K, committed 56640K, reserved 1114112K
  class space    used 7759K, committed 8000K, reserved 1048576K
}
Event: 43.623 GC heap after
{Heap after GC invocations=13 (full 0):
 garbage-first heap   total 55296K, used 25181K [0x0000000089800000, 0x0000000100000000)
  region size 1024K, 3 young (3072K), 3 survivors (3072K)
 Metaspace       used 56042K, committed 56640K, reserved 1114112K
  class space    used 7759K, committed 8000K, reserved 1048576K
}
Event: 44.550 GC heap before
{Heap before GC invocations=13 (full 0):
 garbage-first heap   total 55296K, used 47709K [0x0000000089800000, 0x0000000100000000)
  region size 1024K, 25 young (25600K), 3 survivors (3072K)
 Metaspace       used 59195K, committed 59968K, reserved 1114112K
  class space    used 8228K, committed 8576K, reserved 1048576K
}
Event: 44.557 GC heap after
{Heap after GC invocations=14 (full 0):
 garbage-first heap   total 55296K, used 27536K [0x0000000089800000, 0x0000000100000000)
  region size 1024K, 4 young (4096K), 4 survivors (4096K)
 Metaspace       used 59195K, committed 59968K, reserved 1114112K
  class space    used 8228K, committed 8576K, reserved 1048576K
}
Event: 44.662 GC heap before
{Heap before GC invocations=14 (full 0):
 garbage-first heap   total 55296K, used 28560K [0x0000000089800000, 0x0000000100000000)
  region size 1024K, 6 young (6144K), 4 survivors (4096K)
 Metaspace       used 59420K, committed 60096K, reserved 1114112K
  class space    used 8265K, committed 8576K, reserved 1048576K
}
Event: 44.668 GC heap after
{Heap after GC invocations=15 (full 0):
 garbage-first heap   total 55296K, used 27686K [0x0000000089800000, 0x0000000100000000)
  region size 1024K, 1 young (1024K), 1 survivors (1024K)
 Metaspace       used 59420K, committed 60096K, reserved 1114112K
  class space    used 8265K, committed 8576K, reserved 1048576K
}

Dll operation events (13 events):
Event: 0.022 Loaded shared library C:\Users\Leopoldina\.jdks\openjdk-20.0.1\bin\java.dll
Event: 0.024 Loaded shared library C:\Users\Leopoldina\.jdks\openjdk-20.0.1\bin\zip.dll
Event: 0.049 Loaded shared library C:\Users\Leopoldina\.jdks\openjdk-20.0.1\bin\jsvml.dll
Event: 20.673 Loaded shared library C:\Users\Leopoldina\.jdks\openjdk-20.0.1\bin\instrument.dll
Event: 20.745 Loaded shared library C:\Users\Leopoldina\.jdks\openjdk-20.0.1\bin\jimage.dll
Event: 20.786 Loaded shared library C:\Users\Leopoldina\.jdks\openjdk-20.0.1\bin\net.dll
Event: 20.790 Loaded shared library C:\Users\Leopoldina\.jdks\openjdk-20.0.1\bin\nio.dll
Event: 20.862 Loaded shared library C:\Users\Leopoldina\.jdks\openjdk-20.0.1\bin\zip.dll
Event: 25.511 Loaded shared library C:\Users\Leopoldina\.jdks\openjdk-20.0.1\bin\management.dll
Event: 25.524 Loaded shared library C:\Users\Leopoldina\.jdks\openjdk-20.0.1\bin\management_ext.dll
Event: 26.102 Loaded shared library C:\Users\Leopoldina\.jdks\openjdk-20.0.1\bin\extnet.dll
Event: 29.343 Loaded shared library C:\Users\Leopoldina\.jdks\openjdk-20.0.1\bin\sunmscapi.dll
Event: 35.460 Loaded shared library C:\Users\Leopoldina\.jdks\openjdk-20.0.1\bin\verify.dll

Deoptimization events (20 events):
Event: 44.971 Thread 0x00000260d0f654c0 DEOPT PACKING pc=0x00000260daad4a74 sp=0x000000b5c41fce70
Event: 44.971 Thread 0x00000260d0f654c0 DEOPT UNPACKING pc=0x00000260da84a4c2 sp=0x000000b5c41fc338 mode 1
Event: 44.971 Thread 0x00000260d0f654c0 DEOPT PACKING pc=0x00000260dad312c4 sp=0x000000b5c41fcf00
Event: 44.971 Thread 0x00000260d0f654c0 DEOPT UNPACKING pc=0x00000260da84a4c2 sp=0x000000b5c41fc520 mode 1
Event: 44.974 Thread 0x00000260d0f654c0 DEOPT PACKING pc=0x00000260dab06fc9 sp=0x000000b5c41fc3e0
Event: 44.974 Thread 0x00000260d0f654c0 DEOPT UNPACKING pc=0x00000260da84a4c2 sp=0x000000b5c41fb838 mode 1
Event: 44.974 Thread 0x00000260d0f654c0 DEOPT PACKING pc=0x00000260dab06c0c sp=0x000000b5c41fc470
Event: 44.974 Thread 0x00000260d0f654c0 DEOPT UNPACKING pc=0x00000260da84a4c2 sp=0x000000b5c41fb918 mode 1
Event: 44.974 Thread 0x00000260d0f654c0 DEOPT PACKING pc=0x00000260daad4a74 sp=0x000000b5c41fce70
Event: 44.974 Thread 0x00000260d0f654c0 DEOPT UNPACKING pc=0x00000260da84a4c2 sp=0x000000b5c41fc338 mode 1
Event: 44.974 Thread 0x00000260d0f654c0 DEOPT PACKING pc=0x00000260dad312c4 sp=0x000000b5c41fcf00
Event: 44.974 Thread 0x00000260d0f654c0 DEOPT UNPACKING pc=0x00000260da84a4c2 sp=0x000000b5c41fc520 mode 1
Event: 44.991 Thread 0x00000260d0f654c0 DEOPT PACKING pc=0x00000260daddcb5c sp=0x000000b5c41fe400
Event: 44.991 Thread 0x00000260d0f654c0 DEOPT UNPACKING pc=0x00000260da84a4c2 sp=0x000000b5c41fd978 mode 1
Event: 44.991 Thread 0x00000260d0f654c0 DEOPT PACKING pc=0x00000260daddcb5c sp=0x000000b5c41fe400
Event: 44.991 Thread 0x00000260d0f654c0 DEOPT UNPACKING pc=0x00000260da84a4c2 sp=0x000000b5c41fd978 mode 1
Event: 44.994 Thread 0x00000260d0f654c0 DEOPT PACKING pc=0x00000260daddcb5c sp=0x000000b5c41fe400
Event: 44.994 Thread 0x00000260d0f654c0 DEOPT UNPACKING pc=0x00000260da84a4c2 sp=0x000000b5c41fd978 mode 1
Event: 44.994 Thread 0x00000260d0f654c0 DEOPT PACKING pc=0x00000260daddcb5c sp=0x000000b5c41fe400
Event: 44.994 Thread 0x00000260d0f654c0 DEOPT UNPACKING pc=0x00000260da84a4c2 sp=0x000000b5c41fd978 mode 1

Classes loaded (20 events):
Event: 45.019 Loading class org/springframework/jdbc/UncategorizedSQLException
Event: 45.019 Loading class org/springframework/jdbc/UncategorizedSQLException done
Event: 45.020 Loading class org/springframework/jdbc/SQLWarningException
Event: 45.020 Loading class org/springframework/jdbc/SQLWarningException done
Event: 45.020 Loading class org/springframework/jdbc/core/BatchPreparedStatementSetter
Event: 45.020 Loading class org/springframework/jdbc/core/BatchPreparedStatementSetter done
Event: 45.020 Loading class org/springframework/jdbc/core/PreparedStatementSetter
Event: 45.020 Loading class org/springframework/jdbc/core/PreparedStatementSetter done
Event: 45.021 Loading class org/springframework/jdbc/core/RowMapper
Event: 45.021 Loading class org/springframework/jdbc/core/RowMapper done
Event: 45.023 Loading class org/springframework/jdbc/core/ResultSetSupportingSqlParameter
Event: 45.023 Loading class org/springframework/jdbc/core/ResultSetSupportingSqlParameter done
Event: 45.025 Loading class org/springframework/jdbc/core/SqlParameter
Event: 45.025 Loading class org/springframework/jdbc/core/SqlParameter done
Event: 45.026 Loading class org/springframework/jdbc/core/SqlReturnResultSet
Event: 45.026 Loading class org/springframework/jdbc/core/SqlReturnResultSet done
Event: 45.028 Loading class org/springframework/jdbc/core/SqlOutParameter
Event: 45.028 Loading class org/springframework/jdbc/core/SqlOutParameter done
Event: 45.030 Loading class org/springframework/jdbc/core/AggregatedBatchUpdateException
Event: 45.030 Loading class org/springframework/jdbc/core/AggregatedBatchUpdateException done

Classes unloaded (8 events):
Event: 35.707 Thread 0x00000260e2ffbdf0 Unloading class 0x00000008010c1000 'jdk/internal/reflect/GeneratedSerializationConstructorAccessor3'
Event: 35.708 Thread 0x00000260e2ffbdf0 Unloading class 0x000000080100c400 'java/lang/invoke/LambdaForm$DMH+0x000000080100c400'
Event: 35.708 Thread 0x00000260e2ffbdf0 Unloading class 0x000000080100bc00 'java/lang/invoke/LambdaForm$DMH+0x000000080100bc00'
Event: 35.708 Thread 0x00000260e2ffbdf0 Unloading class 0x000000080100b000 'java/lang/invoke/LambdaForm$DMH+0x000000080100b000'
Event: 35.708 Thread 0x00000260e2ffbdf0 Unloading class 0x000000080100ac00 'java/lang/invoke/LambdaForm$DMH+0x000000080100ac00'
Event: 35.708 Thread 0x00000260e2ffbdf0 Unloading class 0x0000000801002000 'java/lang/invoke/LambdaForm$MH+0x0000000801002000'
Event: 35.708 Thread 0x00000260e2ffbdf0 Unloading class 0x0000000801001c00 'java/lang/invoke/LambdaForm$MH+0x0000000801001c00'
Event: 35.708 Thread 0x00000260e2ffbdf0 Unloading class 0x0000000801001800 'java/lang/invoke/LambdaForm$MH+0x0000000801001800'

Classes redefined (0 events):
No events

Internal exceptions (20 events):
Event: 39.275 Thread 0x00000260d0f654c0 Exception <a 'java/lang/NoSuchMethodError'{0x000000008cc30a60}: 'int java.lang.invoke.DirectMethodHandle$Holder.invokeStatic(java.lang.Object, int, java.lang.Object)'> (0x000000008cc30a60) 
thrown [s\open\src\hotspot\share\interpreter\linkResolver.cpp, line 773]
Event: 39.281 Thread 0x00000260d0f654c0 Exception <a 'java/lang/NoSuchMethodError'{0x000000008cc556e8}: 'java.lang.Object java.lang.invoke.DirectMethodHandle$Holder.newInvokeSpecial(java.lang.Object, java.lang.Object, java.lang.Object, java.lang.Object, java.lang.Object, int, java.lang.Object)'> (0x000000008cc556e8) 
thrown [s\open\src\hotspot\share\interpreter\linkResolver.cpp, line 773]
Event: 39.286 Thread 0x00000260d0f654c0 Exception <a 'java/lang/NoSuchMethodError'{0x000000008cc91440}: 'java.lang.Object java.lang.invoke.DirectMethodHandle$Holder.newInvokeSpecial(java.lang.Object, java.lang.Object, java.lang.Object, java.lang.Object, java.lang.Object, java.lang.Object, java.lang.Object, java.lang.Object, java.lang.Object, java.lang.Object, java.lang.Object, java.lang.Object)'> (0x000000008cc91440) 
thrown [s\open\src\hotspot\share\interpreter\linkResolver.cpp, line 773]
Event: 39.287 Thread 0x00000260d0f654c0 Exception <a 'java/lang/NoSuchMethodError'{0x000000008cc95cd8}: 'java.lang.Object java.lang.invoke.DirectMethodHandle$Holder.invokeSpecial(java.lang.Object, java.lang.Object, java.lang.Object, java.lang.Object, java.lang.Object, java.lang.Object, java.lang.Object, java.lang.Object, java.lang.Object, java.lang.Object, java.lang.Object, java.lang.Object, java.lang.Object)'> (0x000000008cc95cd8) 
thrown [s\open\src\hotspot\share\interpreter\linkResolver.cpp, line 773]
Event: 39.287 Thread 0x00000260d0f654c0 Exception <a 'java/lang/NoSuchMethodError'{0x000000008cc9a1b0}: 'java.lang.Object java.lang.invoke.Invokers$Holder.linkToTargetMethod(java.lang.Object, java.lang.Object, java.lang.Object, java.lang.Object, java.lang.Object, java.lang.Object, java.lang.Object, java.lang.Object, java.lang.Object, java.lang.Object, java.lang.Object, java.lang.Object)'> (0x000000008cc9a1b0) 
thrown [s\open\src\hotspot\share\interpreter\linkResolver.cpp, line 773]
Event: 39.409 Thread 0x00000260d0f654c0 Exception <a 'java/lang/IncompatibleClassChangeError'{0x000000008caa0598}: Found class java.lang.Object, but interface was expected> (0x000000008caa0598) 
thrown [s\open\src\hotspot\share\interpreter\linkResolver.cpp, line 840]
Event: 39.448 Thread 0x00000260d0f654c0 Exception <a 'java/lang/NoSuchMethodError'{0x000000008c94e018}: 'java.lang.Object java.lang.invoke.DirectMethodHandle$Holder.newInvokeSpecial(java.lang.Object, java.lang.Object, java.lang.Object, java.lang.Object, java.lang.Object, java.lang.Object, java.lang.Object, int)'> (0x000000008c94e018) 
thrown [s\open\src\hotspot\share\interpreter\linkResolver.cpp, line 773]
Event: 39.448 Thread 0x00000260d0f654c0 Exception <a 'java/lang/NoSuchMethodError'{0x000000008c952578}: 'java.lang.Object java.lang.invoke.DirectMethodHandle$Holder.invokeSpecial(java.lang.Object, java.lang.Object, java.lang.Object, java.lang.Object, java.lang.Object, java.lang.Object, java.lang.Object, java.lang.Object, int)'> (0x000000008c952578) 
thrown [s\open\src\hotspot\share\interpreter\linkResolver.cpp, line 773]
Event: 39.448 Thread 0x00000260d0f654c0 Exception <a 'java/lang/NoSuchMethodError'{0x000000008c956590}: 'java.lang.Object java.lang.invoke.Invokers$Holder.linkToTargetMethod(java.lang.Object, java.lang.Object, java.lang.Object, java.lang.Object, java.lang.Object, java.lang.Object, int, java.lang.Object)'> (0x000000008c956590) 
thrown [s\open\src\hotspot\share\interpreter\linkResolver.cpp, line 773]
Event: 43.016 Thread 0x00000260d0f654c0 Exception <a 'java/lang/NoSuchMethodError'{0x000000008c3341a8}: 'void java.lang.invoke.Invokers$Holder.invokeExact_MT(java.lang.Object, java.lang.Object, java.lang.Object, java.lang.Object)'> (0x000000008c3341a8) 
thrown [s\open\src\hotspot\share\interpreter\linkResolver.cpp, line 773]
Event: 43.202 Thread 0x00000260d0f654c0 Exception <a 'java/lang/IncompatibleClassChangeError'{0x000000008bf930f0}: Found class java.lang.Object, but interface was expected> (0x000000008bf930f0) 
thrown [s\open\src\hotspot\share\interpreter\linkResolver.cpp, line 840]
Event: 43.321 Thread 0x00000260d0f654c0 Exception <a 'java/lang/IncompatibleClassChangeError'{0x000000008bd84b50}: Found class java.lang.Object, but interface was expected> (0x000000008bd84b50) 
thrown [s\open\src\hotspot\share\interpreter\linkResolver.cpp, line 840]
Event: 43.670 Thread 0x00000260d0f654c0 Exception <a 'java/lang/IncompatibleClassChangeError'{0x000000008cc26f78}: Found class java.lang.Object, but interface was expected> (0x000000008cc26f78) 
thrown [s\open\src\hotspot\share\interpreter\linkResolver.cpp, line 840]
Event: 43.819 Thread 0x00000260d0f654c0 Exception <a 'java/lang/IncompatibleClassChangeError'{0x000000008c9a0a50}: Found class java.lang.Object, but interface was expected> (0x000000008c9a0a50) 
thrown [s\open\src\hotspot\share\interpreter\linkResolver.cpp, line 840]
Event: 43.819 Thread 0x00000260d0f654c0 Exception <a 'java/lang/IncompatibleClassChangeError'{0x000000008c9a7340}: Found class java.lang.Object, but interface was expected> (0x000000008c9a7340) 
thrown [s\open\src\hotspot\share\interpreter\linkResolver.cpp, line 840]
Event: 44.118 Thread 0x00000260d0f654c0 Exception <a 'java/lang/NoSuchMethodError'{0x000000008c3e2f98}: 'java.lang.Object java.lang.invoke.DirectMethodHandle$Holder.newInvokeSpecial(java.lang.Object, java.lang.Object, java.lang.Object, java.lang.Object, java.lang.Object, java.lang.Object, java.lang.Object, java.lang.Object)'> (0x000000008c3e2f98) 
thrown [s\open\src\hotspot\share\interpreter\linkResolver.cpp, line 773]
Event: 44.499 Thread 0x00000260d0f654c0 Exception <a 'java/lang/IncompatibleClassChangeError'{0x000000008b9f3f30}: Found class java.lang.Object, but interface was expected> (0x000000008b9f3f30) 
thrown [s\open\src\hotspot\share\interpreter\linkResolver.cpp, line 840]
Event: 44.621 Thread 0x00000260d0f654c0 Exception <a 'java/lang/NoSuchMethodError'{0x0000000090fd3ef8}: 'void java.lang.invoke.DirectMethodHandle$Holder.invokeVirtual(java.lang.Object, java.lang.Object, long)'> (0x0000000090fd3ef8) 
thrown [s\open\src\hotspot\share\interpreter\linkResolver.cpp, line 773]
Event: 44.935 Thread 0x00000260d0f654c0 Exception <a 'java/lang/IncompatibleClassChangeError'{0x000000008c8d3fb8}: Found class java.lang.Object, but interface was expected> (0x000000008c8d3fb8) 
thrown [s\open\src\hotspot\share\interpreter\linkResolver.cpp, line 840]
Event: 44.995 Thread 0x00000260d0f654c0 Exception <a 'java/lang/NoSuchMethodError'{0x000000008c65f450}: 'java.lang.Object java.lang.invoke.Invokers$Holder.invoke_MT(java.lang.Object, java.lang.Object, java.lang.Object, java.lang.Object, java.lang.Object, java.lang.Object, java.lang.Object, java.lang.Object, java.lang.Object, java.lang.Object, java.lang.Object)'> (0x000000008c65f450) 
thrown [s\open\src\hotspot\share\interpreter\linkResolver.cpp, line 773]

VM Operations (20 events):
Event: 43.694 Executing VM operation: HandshakeAllThreads
Event: 43.694 Executing VM operation: HandshakeAllThreads done
Event: 43.695 Executing VM operation: HandshakeAllThreads
Event: 43.695 Executing VM operation: HandshakeAllThreads done
Event: 44.032 Executing VM operation: HandshakeAllThreads
Event: 44.032 Executing VM operation: HandshakeAllThreads done
Event: 44.334 Executing VM operation: HandshakeAllThreads
Event: 44.335 Executing VM operation: HandshakeAllThreads done
Event: 44.336 Executing VM operation: HandshakeAllThreads
Event: 44.337 Executing VM operation: HandshakeAllThreads done
Event: 44.549 Executing VM operation: G1CollectForAllocation
Event: 44.557 Executing VM operation: G1CollectForAllocation done
Event: 44.662 Executing VM operation: CollectForMetadataAllocation
Event: 44.668 Executing VM operation: CollectForMetadataAllocation done
Event: 44.686 Executing VM operation: G1PauseRemark
Event: 44.692 Executing VM operation: G1PauseRemark done
Event: 44.700 Executing VM operation: G1PauseCleanup
Event: 44.700 Executing VM operation: G1PauseCleanup done
Event: 44.723 Executing VM operation: HandshakeAllThreads
Event: 44.723 Executing VM operation: HandshakeAllThreads done

Events (20 events):
Event: 44.691 Thread 0x00000260e2ffbdf0 flushing nmethod 0x00000260dae12790
Event: 44.691 Thread 0x00000260e2ffbdf0 flushing nmethod 0x00000260dadf2f10
Event: 44.691 Thread 0x00000260e2ffbdf0 flushing nmethod 0x00000260dadf2a90
Event: 44.691 Thread 0x00000260e2ffbdf0 flushing nmethod 0x00000260dadc6390
Event: 44.691 Thread 0x00000260e2ffbdf0 flushing nmethod 0x00000260dadbcb10
Event: 44.691 Thread 0x00000260e2ffbdf0 flushing nmethod 0x00000260dad9c610
Event: 44.691 Thread 0x00000260e2ffbdf0 flushing nmethod 0x00000260dada3390
Event: 44.691 Thread 0x00000260e2ffbdf0 flushing nmethod 0x00000260dad6bc10
Event: 44.691 Thread 0x00000260e2ffbdf0 flushing nmethod 0x00000260dad6ac10
Event: 44.691 Thread 0x00000260e2ffbdf0 flushing nmethod 0x00000260dad80290
Event: 44.691 Thread 0x00000260e2ffbdf0 flushing nmethod 0x00000260dad4c210
Event: 44.691 Thread 0x00000260e2ffbdf0 flushing nmethod 0x00000260dad25e90
Event: 44.691 Thread 0x00000260e2ffbdf0 flushing nmethod 0x00000260dad01390
Event: 44.691 Thread 0x00000260e2ffbdf0 flushing nmethod 0x00000260dabf4590
Event: 44.691 Thread 0x00000260e2ffbdf0 flushing nmethod 0x00000260dac2f310
Event: 44.691 Thread 0x00000260e2ffbdf0 flushing nmethod 0x00000260dab05710
Event: 44.691 Thread 0x00000260e2ffbdf0 flushing nmethod 0x00000260daa46e10
Event: 44.691 Thread 0x00000260e2ffbdf0 flushing nmethod 0x00000260daa25810
Event: 44.691 Thread 0x00000260e2ffbdf0 flushing nmethod 0x00000260daa1e710
Event: 44.691 Thread 0x00000260e2ffbdf0 flushing nmethod 0x00000260da917890


Dynamic libraries:
0x00007ff639b60000 - 0x00007ff639b6e000 	C:\Users\Leopoldina\.jdks\openjdk-20.0.1\bin\java.exe
0x00007ffc4a430000 - 0x00007ffc4a628000 	C:\Windows\SYSTEM32\ntdll.dll
0x00007ffc48520000 - 0x00007ffc485e2000 	C:\Windows\System32\KERNEL32.DLL
0x00007ffc48020000 - 0x00007ffc48316000 	C:\Windows\System32\KERNELBASE.dll
0x00007ffc47c30000 - 0x00007ffc47d30000 	C:\Windows\System32\ucrtbase.dll
0x00007ffc06d60000 - 0x00007ffc06d77000 	C:\Users\Leopoldina\.jdks\openjdk-20.0.1\bin\jli.dll
0x00007ffc48920000 - 0x00007ffc48abd000 	C:\Windows\System32\USER32.dll
0x00007ffc47ed0000 - 0x00007ffc47ef2000 	C:\Windows\System32\win32u.dll
0x00007ffc488e0000 - 0x00007ffc4890b000 	C:\Windows\System32\GDI32.dll
0x00007ffc47f00000 - 0x00007ffc4801a000 	C:\Windows\System32\gdi32full.dll
0x00007ffc47db0000 - 0x00007ffc47e4d000 	C:\Windows\System32\msvcp_win.dll
0x00007ffc09b90000 - 0x00007ffc09bab000 	C:\Users\Leopoldina\.jdks\openjdk-20.0.1\bin\VCRUNTIME140.dll
0x00007ffc30c30000 - 0x00007ffc30eca000 	C:\Windows\WinSxS\amd64_microsoft.windows.common-controls_6595b64144ccf1df_6.0.19041.5794_none_60bcd33171f2783c\COMCTL32.dll
0x00007ffc49530000 - 0x00007ffc495ce000 	C:\Windows\System32\msvcrt.dll
0x00007ffc488b0000 - 0x00007ffc488df000 	C:\Windows\System32\IMM32.DLL
0x00007ffc334b0000 - 0x00007ffc334bc000 	C:\Users\Leopoldina\.jdks\openjdk-20.0.1\bin\vcruntime140_1.dll
0x00007ffc029d0000 - 0x00007ffc02a5e000 	C:\Users\Leopoldina\.jdks\openjdk-20.0.1\bin\msvcp140.dll
0x00007ffbb8270000 - 0x00007ffbb8f07000 	C:\Users\Leopoldina\.jdks\openjdk-20.0.1\bin\server\jvm.dll
0x00007ffc48460000 - 0x00007ffc4850f000 	C:\Windows\System32\ADVAPI32.dll
0x00007ffc49ca0000 - 0x00007ffc49d3f000 	C:\Windows\System32\sechost.dll
0x00007ffc495d0000 - 0x00007ffc496f3000 	C:\Windows\System32\RPCRT4.dll
0x00007ffc47ea0000 - 0x00007ffc47ec7000 	C:\Windows\System32\bcrypt.dll
0x00007ffc293b0000 - 0x00007ffc293b9000 	C:\Windows\SYSTEM32\WSOCK32.dll
0x00007ffc4a320000 - 0x00007ffc4a38b000 	C:\Windows\System32\WS2_32.dll
0x00007ffc3c140000 - 0x00007ffc3c14a000 	C:\Windows\SYSTEM32\VERSION.dll
0x00007ffc3c110000 - 0x00007ffc3c137000 	C:\Windows\SYSTEM32\WINMM.dll
0x00007ffc462e0000 - 0x00007ffc462f2000 	C:\Windows\SYSTEM32\kernel.appcore.dll
0x00007ffc31340000 - 0x00007ffc3134a000 	C:\Users\Leopoldina\.jdks\openjdk-20.0.1\bin\jimage.dll
0x00007ffc45620000 - 0x00007ffc45821000 	C:\Windows\SYSTEM32\DBGHELP.DLL
0x00007ffc2b780000 - 0x00007ffc2b7b4000 	C:\Windows\SYSTEM32\dbgcore.DLL
0x00007ffc483d0000 - 0x00007ffc48452000 	C:\Windows\System32\bcryptPrimitives.dll
0x00007ffc40e40000 - 0x00007ffc40e7c000 	C:\Users\Leopoldina\.jdks\openjdk-20.0.1\bin\jdwp.dll
0x00007ffc3c310000 - 0x00007ffc3c31e000 	C:\Users\Leopoldina\.jdks\openjdk-20.0.1\bin\instrument.dll
0x00007ffc06720000 - 0x00007ffc06746000 	C:\Users\Leopoldina\.jdks\openjdk-20.0.1\bin\java.dll
0x00007ffc05120000 - 0x00007ffc05138000 	C:\Users\Leopoldina\.jdks\openjdk-20.0.1\bin\zip.dll
0x00007ffbf54f0000 - 0x00007ffbf55c7000 	C:\Users\Leopoldina\.jdks\openjdk-20.0.1\bin\jsvml.dll
0x00007ffc48c80000 - 0x00007ffc493ee000 	C:\Windows\System32\SHELL32.dll
0x00007ffc45af0000 - 0x00007ffc46293000 	C:\Windows\SYSTEM32\windows.storage.dll
0x00007ffc49d60000 - 0x00007ffc4a0b3000 	C:\Windows\System32\combase.dll
0x00007ffc47350000 - 0x00007ffc4737b000 	C:\Windows\SYSTEM32\Wldp.dll
0x00007ffc48b20000 - 0x00007ffc48bed000 	C:\Windows\System32\OLEAUT32.dll
0x00007ffc485f0000 - 0x00007ffc4869d000 	C:\Windows\System32\SHCORE.dll
0x00007ffc48850000 - 0x00007ffc488a5000 	C:\Windows\System32\shlwapi.dll
0x00007ffc47a00000 - 0x00007ffc47a25000 	C:\Windows\SYSTEM32\profapi.dll
0x00007ffc28cd0000 - 0x00007ffc28cdc000 	C:\Users\Leopoldina\.jdks\openjdk-20.0.1\bin\dt_socket.dll
0x00007ffc46e30000 - 0x00007ffc46e6b000 	C:\Windows\SYSTEM32\IPHLPAPI.DLL
0x00007ffc47130000 - 0x00007ffc4719c000 	C:\Windows\system32\mswsock.dll
0x00007ffc06350000 - 0x00007ffc06363000 	C:\Users\Leopoldina\.jdks\openjdk-20.0.1\bin\net.dll
0x00007ffc3ff40000 - 0x00007ffc4004a000 	C:\Windows\SYSTEM32\WINHTTP.dll
0x00007ffc06160000 - 0x00007ffc06176000 	C:\Users\Leopoldina\.jdks\openjdk-20.0.1\bin\nio.dll
0x00007ffc46e70000 - 0x00007ffc46f3a000 	C:\Windows\SYSTEM32\DNSAPI.dll
0x00007ffc49c90000 - 0x00007ffc49c98000 	C:\Windows\System32\NSI.dll
0x00007ffc3c700000 - 0x00007ffc3c70a000 	C:\Windows\System32\rasadhlp.dll
0x00007ffc3fa70000 - 0x00007ffc3faf0000 	C:\Windows\System32\fwpuclnt.dll
0x00007ffc3b4e0000 - 0x00007ffc3b4ea000 	C:\Users\Leopoldina\.jdks\openjdk-20.0.1\bin\management.dll
0x00007ffc3b490000 - 0x00007ffc3b49b000 	C:\Users\Leopoldina\.jdks\openjdk-20.0.1\bin\management_ext.dll
0x00007ffc48510000 - 0x00007ffc48518000 	C:\Windows\System32\PSAPI.DLL
0x00007ffc47390000 - 0x00007ffc473a8000 	C:\Windows\SYSTEM32\CRYPTSP.dll
0x00007ffc46a70000 - 0x00007ffc46aa8000 	C:\Windows\system32\rsaenh.dll
0x00007ffc479c0000 - 0x00007ffc479ee000 	C:\Windows\SYSTEM32\USERENV.dll
0x00007ffc472c0000 - 0x00007ffc472cc000 	C:\Windows\SYSTEM32\CRYPTBASE.dll
0x00007ffc41760000 - 0x00007ffc41777000 	C:\Windows\SYSTEM32\dhcpcsvc6.DLL
0x00007ffc41740000 - 0x00007ffc4175d000 	C:\Windows\SYSTEM32\dhcpcsvc.DLL
0x00007ffc20ae0000 - 0x00007ffc20af7000 	C:\Windows\system32\napinsp.dll
0x00007ffc20b20000 - 0x00007ffc20b3b000 	C:\Windows\system32\pnrpnsp.dll
0x00007ffc20b00000 - 0x00007ffc20b1d000 	C:\Windows\system32\wshbth.dll
0x00007ffc41b10000 - 0x00007ffc41b2d000 	C:\Windows\system32\NLAapi.dll
0x00007ffc20ac0000 - 0x00007ffc20ad2000 	C:\Windows\System32\winrnr.dll
0x00007ffc310a0000 - 0x00007ffc310a7000 	C:\Users\Leopoldina\.jdks\openjdk-20.0.1\bin\extnet.dll
0x00007ffc3b480000 - 0x00007ffc3b48e000 	C:\Users\Leopoldina\.jdks\openjdk-20.0.1\bin\sunmscapi.dll
0x00007ffc47ad0000 - 0x00007ffc47c2d000 	C:\Windows\System32\CRYPT32.dll
0x00007ffc47500000 - 0x00007ffc47527000 	C:\Windows\SYSTEM32\ncrypt.dll
0x00007ffc474c0000 - 0x00007ffc474fb000 	C:\Windows\SYSTEM32\NTASN1.dll
0x00007ffc2fd80000 - 0x00007ffc2fd90000 	C:\Users\Leopoldina\.jdks\openjdk-20.0.1\bin\verify.dll

dbghelp: loaded successfully - version: 4.0.5 - missing functions: none
symbol engine: initialized successfully - sym options: 0x614 - pdb path: .;C:\Users\Leopoldina\.jdks\openjdk-20.0.1\bin;C:\Windows\SYSTEM32;C:\Windows\WinSxS\amd64_microsoft.windows.common-controls_6595b64144ccf1df_6.0.19041.5794_none_60bcd33171f2783c;C:\Users\Leopoldina\.jdks\openjdk-20.0.1\bin\server

VM Arguments:
jvm_args: -agentlib:jdwp=transport=dt_socket,address=127.0.0.1:58685,suspend=y,server=n -XX:TieredStopAtLevel=1 -Dspring.output.ansi.enabled=always -Dcom.sun.management.jmxremote -Dspring.jmx.enabled=true -Dspring.liveBeansView.mbeanDomain -Dspring.application.admin.enabled=true -Dmanagement.endpoints.jmx.exposure.include=* -javaagent:C:\Users\Leopoldina\AppData\Local\JetBrains\IntelliJIdea2023.1\captureAgent\debugger-agent.jar -Dfile.encoding=UTF-8 -Dsun.stdout.encoding=UTF-8 -Dsun.stderr.encoding=UTF-8 
java_command: com.pcc.PCC.PccApplication
java_class_path (initial): C:\Users\Leopoldina\Desktop\sep\PCC\target\classes;C:\Users\Leopoldina\.m2\repository\org\springframework\boot\spring-boot-starter-web\3.4.0\spring-boot-starter-web-3.4.0.jar;C:\Users\Leopoldina\.m2\repository\org\springframework\boot\spring-boot-starter-json\3.4.0\spring-boot-starter-json-3.4.0.jar;C:\Users\Leopoldina\.m2\repository\com\fasterxml\jackson\core\jackson-databind\2.18.1\jackson-databind-2.18.1.jar;C:\Users\Leopoldina\.m2\repository\com\fasterxml\jackson\core\jackson-annotations\2.18.1\jackson-annotations-2.18.1.jar;C:\Users\Leopoldina\.m2\repository\com\fasterxml\jackson\core\jackson-core\2.18.1\jackson-core-2.18.1.jar;C:\Users\Leopoldina\.m2\repository\com\fasterxml\jackson\datatype\jackson-datatype-jdk8\2.18.1\jackson-datatype-jdk8-2.18.1.jar;C:\Users\Leopoldina\.m2\repository\com\fasterxml\jackson\datatype\jackson-datatype-jsr310\2.18.1\jackson-datatype-jsr310-2.18.1.jar;C:\Users\Leopoldina\.m2\repository\com\fasterxml\jackson\module\jackson-module-parameter-names\2.18.1\jackson-module-parameter-names-2.18.1.jar;C:\Users\Leopoldina\.m2\repository\org\springframework\boot\spring-boot-starter-tomcat\3.4.0\spring-boot-starter-tomcat-3.4.0.jar;C:\Users\Leopoldina\.m2\repository\org\apache\tomcat\embed\tomcat-embed-core\10.1.33\tomcat-embed-core-10.1.33.jar;C:\Users\Leopoldina\.m2\repository\org\apache\tomcat\embed\tomcat-embed-el\10.1.33\tomcat-embed-el-10.1.33.jar;C:\Users\Leopoldina\.m2\repository\org\apache\tomcat\embed\tomcat-embed-websocket\10.1.33\tomcat-embed-websocket-10.1.33.jar;C:\Users\Leopoldina\.m2\repository\org\springframework\spring-web\6.2.0\spring-web-6.2.0.jar;C:\Users\Leopoldina\.m2\repository\org\springframework\spring-beans\6.2.0\spring-beans-6.2.0.jar;C:\Users\Leopoldina\.m2\repository\io\micrometer\micrometer-observation\1.14.1\micrometer-observation-1.14.1.jar;C:\Users\Leopoldina\.m2\repository\io\micrometer\micrometer-commons\1.14.1\micrometer-commons-1.14.1.jar;C:\Users\Leopoldina\.m2\repository\org\springframework\spring-webmvc\6.2.0\spring-webmvc-6.2.0.jar;C:\Users\Leopoldina\.m2\repository\org\springframework\spring-aop\6.2.0\spring-aop-6.2.0.jar;C:\Users\Leopoldina\.m2\repository\org\springframework\spring-context\6.2.0\spring-context-6.2.0.jar;C:\Users\Leopoldina\.m2\repository\org\springframework\spring-expression\6.2.0\spring-expression-6.2.0.jar;C:\Users\Leopoldina\.m2\repository\org\projectlombok\lombok\1.18.36\lombok-1.18.36.jar;C:\Users\Leopoldina\.m2\repository\org\slf4j\slf4j-api\2.0.16\slf4j-api-2.0.16.jar;C:\Users\Leopoldina\.m2\repository\jakarta\xml\bind\jakarta.xml.bind-api\4.0.2\jakarta.xml.bind-api-4.0.2.jar;C:\Users\Leopoldina\.m2\repository\jakarta\activation\jakarta.activation-api\2.1.3\jakarta.activation-api-2.1.3.jar;C:\Users\Leopoldina\.m2\repository\org\springframework\spring-core\6.2.0\spring-core-6.2.0.jar;C:\Users\Leopoldina\.m2\repository\org\springframework\spring-jcl\6.2.0\spring-jcl-6.2.0.jar;C:\Users\Leopoldina\.m2\repository\org\springframework\boot\spring-boot-starter-data-jpa\3.4.0\spring-boot-starter-data-jpa-3.4.0.jar;C:\Users\Leopoldina\.m2\repository\org\springframework\boot\spring-boot-starter-jdbc\3.4.0\spring-boot-starter-jdbc-3.4.0.jar;C:\Users\Leopoldina\.m2\repository\com\zaxxer\HikariCP\5.1.0\HikariCP-5.1.0.jar;C:\Users\Leopoldina\.m2\repository\org\springframework\spring-jdbc\6.2.0\spring-jdbc-6.2.0.jar;C:\Users\Leopoldina\.m2\repository\org\springframework\data\spring-data-jpa\3.4.0\spring-data-jpa-3.4.0.jar;C:\Users\Leopoldina\.m2\repository\org\springframework\data\spring-data-commons\3.4.0\spring-data-commons-3.4.0.jar;C:\Users\Leopoldina\.m2\repository\org\springframework\spring-orm\6.2.0\spring-orm-6.2.0.jar;C:\Users\Leopoldina\.m2\repository\org\springframework\spring-tx\6.2.0\spring-tx-6.2.0.jar;C:\Users\Leopoldina\.m2\repository\org\springframework\spring-aspects\6.2.0\spring-aspects-6.2.0.jar;C:\Users\Leopoldina\.m2\repository\org\aspectj\aspectjweaver\1.9.22.1\aspectjweaver-1.9.22.1.jar;C:\Users\Leopoldina\.m2\repository\org\hibernate\orm\hibernate-core\6.6.2.Final\hibernate-core-6.6.2.Final.jar;C:\Users\Leopoldina\.m2\repository\jakarta\persistence\jakarta.persistence-api\3.1.0\jakarta.persistence-api-3.1.0.jar;C:\Users\Leopoldina\.m2\repository\jakarta\transaction\jakarta.transaction-api\2.0.1\jakarta.transaction-api-2.0.1.jar;C:\Users\Leopoldina\.m2\repository\org\jboss\logging\jboss-logging\3.6.1.Final\jboss-logging-3.6.1.Final.jar;C:\Users\Leopoldina\.m2\repository\org\hibernate\common\hibernate-commons-annotations\7.0.3.Final\hibernate-commons-annotations-7.0.3.Final.jar;C:\Users\Leopoldina\.m2\repository\io\smallrye\jandex\3.2.0\jandex-3.2.0.jar;C:\Users\Leopoldina\.m2\repository\com\fasterxml\classmate\1.7.0\classmate-1.7.0.jar;C:\Users\Leopoldina\.m2\repository\net\bytebuddy\byte-buddy\1.15.10\byte-buddy-1.15.10.jar;C:\Users\Leopoldina\.m2\repository\org\glassfish\jaxb\jaxb-runtime\4.0.5\jaxb-runtime-4.0.5.jar;C:\Users\Leopoldina\.m2\repository\org\glassfish\jaxb\jaxb-core\4.0.5\jaxb-core-4.0.5.jar;C:\Users\Leopoldina\.m2\repository\org\eclipse\angus\angus-activation\2.0.2\angus-activation-2.0.2.jar;C:\Users\Leopoldina\.m2\repository\org\glassfish\jaxb\txw2\4.0.5\txw2-4.0.5.jar;C:\Users\Leopoldina\.m2\repository\com\sun\istack\istack-commons-runtime\4.1.2\istack-commons-runtime-4.1.2.jar;C:\Users\Leopoldina\.m2\repository\jakarta\inject\jakarta.inject-api\2.0.1\jakarta.inject-api-2.0.1.jar;C:\Users\Leopoldina\.m2\repository\org\antlr\antlr4-runtime\4.13.0\antlr4-runtime-4.13.0.jar;C:\Users\Leopoldina\.m2\repository\org\springframework\boot\spring-boot-starter\3.4.0\spring-boot-starter-3.4.0.jar;C:\Users\Leopoldina\.m2\repository\org\springframework\boot\spring-boot\3.4.0\spring-boot-3.4.0.jar;C:\Users\Leopoldina\.m2\repository\org\springframework\boot\spring-boot-autoconfigure\3.4.0\spring-boot-autoconfigure-3.4.0.jar;C:\Users\Leopoldina\.m2\repository\org\springframework\boot\spring-boot-starter-logging\3.4.0\spring-boot-starter-logging-3.4.0.jar;C:\Users\Leopoldina\.m2\repository\ch\qos\logback\logback-classic\1.5.12\logback-classic-1.5.12.jar;C:\Users\Leopoldina\.m2\repository\ch\qos\logback\logback-core\1.5.12\logback-core-1.5.12.jar;C:\Users\Leopoldina\.m2\repository\org\apache\logging\log4j\log4j-to-slf4j\2.24.1\log4j-to-slf4j-2.24.1.jar;C:\Users\Leopoldina\.m2\repository\org\apache\logging\log4j\log4j-api\2.24.1\log4j-api-2.24.1.jar;C:\Users\Leopoldina\.m2\repository\org\slf4j\jul-to-slf4j\2.0.16\jul-to-slf4j-2.0.16.jar;C:\Users\Leopoldina\.m2\repository\jakarta\annotation\jakarta.annotation-api\2.1.1\jakarta.annotation-api-2.1.1.jar;C:\Users\Leopoldina\.m2\repository\org\yaml\snakeyaml\2.3\snakeyaml-2.3.jar;C:\Users\Leopoldina\.m2\repository\com\h2database\h2\2.3.232\h2-2.3.232.jar;C:\Users\Leopoldina\.m2\repository\org\postgresql\postgresql\42.7.4\postgresql-42.7.4.jar;C:\Users\Leopoldina\.m2\repository\org\checkerframework\checker-qual\3.42.0\checker-qual-3.42.0.jar;C:\Program Files\JetBrains\IntelliJ IDEA 2023.1.2\lib\idea_rt.jar
Launcher Type: SUN_STANDARD

[Global flags]
     intx CICompilerCount                          = 3                                         {product} {ergonomic}
     uint ConcGCThreads                            = 2                                         {product} {ergonomic}
     uint G1ConcRefinementThreads                  = 6                                         {product} {ergonomic}
   size_t G1HeapRegionSize                         = 1048576                                   {product} {ergonomic}
    uintx GCDrainStackTargetSize                   = 64                                        {product} {ergonomic}
   size_t InitialHeapSize                          = 125829120                                 {product} {ergonomic}
     bool ManagementServer                         = true                                      {product} {command line}
   size_t MarkStackSize                            = 4194304                                   {product} {ergonomic}
   size_t MaxHeapSize                              = 1988100096                                {product} {ergonomic}
   size_t MaxNewSize                               = 1192230912                                {product} {ergonomic}
   size_t MinHeapDeltaBytes                        = 1048576                                   {product} {ergonomic}
   size_t MinHeapSize                              = 8388608                                   {product} {ergonomic}
    uintx NonProfiledCodeHeapSize                  = 0                                      {pd product} {ergonomic}
     bool ProfileInterpreter                       = false                                  {pd product} {command line}
    uintx ProfiledCodeHeapSize                     = 0                                      {pd product} {ergonomic}
   size_t SoftMaxHeapSize                          = 1988100096                             {manageable} {ergonomic}
     intx TieredStopAtLevel                        = 1                                         {product} {command line}
     bool UseCompressedClassPointers               = true                           {product lp64_product} {ergonomic}
     bool UseCompressedOops                        = true                           {product lp64_product} {ergonomic}
     bool UseG1GC                                  = true                                      {product} {ergonomic}
     bool UseLargePagesIndividualAllocation        = false                                  {pd product} {ergonomic}

Logging:
Log output configuration:
 #0: stdout all=warning uptime,level,tags foldmultilines=false
 #1: stderr all=off uptime,level,tags foldmultilines=false

Environment Variables:
PATH=C:\Users\Leopoldina\AppData\Local\Programs\Python\Python313\Scripts\;C:\Users\Leopoldina\AppData\Local\Programs\Python\Python313\;C:\app\Leopoldina\product\21c\dbhomeXE\bin;C:\oraclexe\app\oracle\product\11.2.0\server\bin;C:\oraclexe\app\oracle\product\11.2.0\server\bin;C:\Program Files (x86)\Common Files\Oracle\Java\javapath;C:\Windows\system32;C:\Windows;C:\Windows\System32\Wbem;C:\Windows\System32\WindowsPowerShell\v1.0\;C:\Windows\System32\OpenSSH\;C:\Users\Leopoldina\.dnx\bin;C:\Program Files\Microsoft DNX\Dnvm\;C:\Program Files\Microsoft SQL Server\120\Tools\Binn\;C:\Program Files\Microsoft SQL Server\130\Tools\Binn\;C:\Program Files\Microsoft SQL Server\Client SDK\ODBC\170\Tools\Binn\;C:\Users\Leopoldina\AppData\Local\Programs\Python\Python310;C:\Users\Leopoldina\AppData\Local\Programs\Python\Python310\Scripts;C:\Program Files\dotnet\;C:\Program Files\Microsoft SQL Server\150\Tools\Binn\;C:\Program Files\nodejs\;C:\Program Files\Go\bin;C:\Program Files\MongoDB\Server\7.0\bin;C:\Program Files\Docker\Docker\resources\bin;C:\Program Files\Git\cmd;C:\Program Files\WireGuard\;C:\Users\Leopoldina\AppData\Local\Programs\Python\Python313\Scripts\;C:\Users\Leopoldina\AppData\Local\Programs\Python\Python313\;C:\oraclexe\app\oracle\product\11.2.0\server\bin;C:\Program Files (x86)\Common Files\Oracle\Java\javapath;C:\Windows\system32;C:\Windows;C:\Windows\System32\Wbem;C:\Windows\System32\WindowsPowerShell\v1.0\;C:\Windows\System32\OpenSSH\;C:\Users\Leopoldina\.dnx\bin;C:\Program Files\Microsoft DNX\Dnvm\;C:\Program Files\Microsoft SQL Server\120\Tools\Binn\;C:\Program Files\Microsoft SQL Server\130\Tools\Binn\;C:\Program Files\dotnet\;C:\Program Files\Microsoft SQL Server\Client SDK\ODBC\170\Tools\Binn\;C:\Users\Leopoldina\AppData\Local\Programs\Python\Python310;C:\Users\Leopoldina\AppData\Local\Microsoft\WindowsApps;C:\Program Files\Microsoft VS Code\bin;C:\Users\Leopoldina\.dotnet\tools;C:\Users\Leopoldina\AppData\Local\Programs\Python\Python310\Scripts;C:\Users\Leopoldina\.dotnet\tools;C:\Program Files\JetBrains\IntelliJ IDEA 2023.1.2\bin;;C:\Users\Leopoldina\AppData\Roaming\npm;C:\Program Files\RabbitMQ Server\rabbitmq_server-3.12.12\sbin;C:\Users\Leopoldina\go\bin;C:\Program Files\mongosh\;C:\Users\Leopoldina\.jdks\openjdk-20.0.1\bin;
USERNAME=Leopoldina
OS=Windows_NT
PROCESSOR_IDENTIFIER=AMD64 Family 23 Model 96 Stepping 1, AuthenticAMD
TMP=C:\Users\LEOPOL~1\AppData\Local\Temp
TEMP=C:\Users\LEOPOL~1\AppData\Local\Temp




---------------  S Y S T E M  ---------------

OS:
 Windows 10 , 64 bit Build 19041 (10.0.19041.5794)
OS uptime: 5 days 13:14 hours
Hyper-V role detected

CPU: total 6 (initial active 6) (6 cores per cpu, 1 threads per core) family 23 model 96 stepping 1 microcode 0x0, cx8, cmov, fxsr, mmx, 3dnowpref, sse, sse2, sse3, ssse3, sse4a, sse4.1, sse4.2, popcnt, lzcnt, tsc, tscinvbit, avx, avx2, aes, clmul, bmi1, bmi2, adx, sha, fma, vzeroupper, clflush, clflushopt, hv, rdtscp, rdpid, f16c

Memory: 4k page, system-wide physical 7581M (201M free)
TotalPageFile size 31133M (AvailPageFile size 0M)
current process WorkingSet (physical memory assigned to process): 185M, peak: 185M
current process commit charge ("private bytes"): 228M, peak: 233M

vm_info: OpenJDK 64-Bit Server VM (20.0.1+9-29) for windows-amd64 JRE (20.0.1+9-29), built on 2023-03-07T13:56:11Z by "mach5one" with MS VC++ 17.1 (VS2022)

END.
